labeling_id,pmid,doi,year,journal,title,abstract,url,labeler2_decision,labeler2_confidence,labeler2_rationale,labeler2_criteria_failed
LBL-001,40328061,10.1016/j.scitotenv.2025.179560,2025,The Science of the total environment,How air pollution affects cause-specific emergency hospital admissions on days with biomass combustion in Spain?,"Although wildfires are growing in number, intensity and extent due to climate change, few studies have been undertaken to analyse their health impact, and fewer still to analyse the impact of variables other than particulate matter. The objective of this study is to analyse the short-term impact of NO2, PM10, PM2.5, O3 and temperature in heat waves on emergency hospital admissions in Spain on days when biomass combustion occurs. We conducted an ecological longitudinal time series study across the period 2013-2018. The dependent variables were emergency hospital admissions due to all causes (ICD-10: A00-R99), circulatory causes (ICD-10: I00-I99) and respiratory causes (ICD-10: J00-J99) in 9 representative Spanish provinces. The independent variables were daily mean air pollution concentrations measured at a provincial level. We also included daily maximum temperatures recorded at reference observatories in the respective provinces. Poisson generalised linear models were fitted for days with and without PM advections due to biomass burning smoke. We controlled for trends, seasonalities, the autoregressive nature of the series, Sundays and Public Holidays. Days with biomass burning smoke advections increased PM concentrations in all provinces and ozone in many of them, something that did not occur in equal measure in the case of NO2. Nevertheless, the principal impact on admissions was due to O3, followed by NO2, PM, and lastly, heat-wave temperatures. This pattern was observed for all three causes analysed. The role of PM was relegated to that of a third factor, and the role of temperature to an order of lesser magnitude than that of chemical pollution. To focus the health impacts of wildfires exclusively on the impact of PM concentrations would be to minimise their real impact on population health. It is therefore essential to implement integrated plans that take into account the joint effect of all atmospheric variables affected.",https://pubmed.ncbi.nlm.nih.gov/40328061/,EXCLUDE,HIGH,SEM IC 95%,5
LBL-002,29467106,10.1289/EHP2054,2018,Environmental health perspectives,"Ultrafine and Fine Particle Number and Surface Area Concentrations and Daily Cause-Specific Mortality in the Ruhr Area, Germany, 2009-2014.","BACKGROUND: Although epidemiologic studies have shown associations between particle mass and daily mortality, evidence on other particle metrics is weak. OBJECTIVES: We investigated associations of size-specific particle number concentration (PNC) and lung-deposited particle surface area concentration (PSC) with cause-specific daily mortality in contrast to PM10. METHODS: We used time-series data (March 2009-December 2014) on daily natural, cardiovascular, and respiratory mortality (NM, CVM, RM) of three adjacent cities in the Ruhr Area, Germany. Size-specific PNC (electric mobility diameter of 13.3-750 nm), PSC, and PM10 were measured at an urban background monitoring site. In single- and multipollutant Poisson regression models, we estimated percentage change (95% confidence interval) [% (95% CI)] in mortality per interquartile range (IQR) in exposure at single-day (0-7) and aggregated lags (0-1, 2-3, 4-7), accounting for time trend, temperature, humidity, day of week, holidays, period of seasonal population decrease, and influenza. RESULTS: PNC100-750 and PSC were highly correlated and had similar immediate (lag0-1) and delayed (lag4-7) associations with NM and CVM, for example, 1.12% (95% CI: 0.09, 2.33) and 1.56% (95% CI: 0.22, 2.92) higher NM with IQR increases in PNC100-750 at lag0-1 and lag4-7, respectfully, which were slightly stronger then associations with IQR increases in PM10. Positive associations between PNC and NM were strongest for accumulation mode particles (PNC 100-500 nm), and for larger UFPs (PNC 50-100 nm). Associations between NM and PNC<100 changed little after adjustment for O3 or PM10, but were more sensitive to adjustment for NO2. CONCLUSION: Size-specific PNC (50-500 nm) and lung-deposited PSC were associated with natural and cardiovascular mortality in the Ruhr Area. Although associations were similar to those estimated for an IQR increase in PM10, particle number size distributions can be linked to emission sources, and thus may be more informative for potential public health interventions. Moreover, PSC could be used as an alternative metric that integrates particle size distribution as well as deposition efficiency. https://doi.org/10.1289/EHP2054.",https://pubmed.ncbi.nlm.nih.gov/29467106/,EXCLUDE,HIGH,MP10-MORTALIDADE,"2,3"
LBL-003,12055048,10.1289/ehp.02110575,2002,Environmental health perspectives,The influence of ambient coarse particulate matter on asthma hospitalization in children: case-crossover and time-series analyses.,"In this study, we used both case-crossover and time-series analyses to assess the associations between size-fractionated particulate matter and asthma hospitalization among children 6-12 years old living in Toronto between 1981 and 1993. Specifically, we used exposures averaged over periods varying from 1 to 7 days to assess the effects of particulate matter on asthma hospitalization. We calculated estimates of the relative risk of asthma hospitalization adjusted for daily weather conditions (maximum and minimum temperatures, and average relative humidity) for an incremental exposure corresponding to the interquartile range in particulate matter. Both bidirectional case-crossover and time-series analyses revealed that coarse particulate matter (PM10-2.5) averaged over 5-6 days was significantly associated with asthma hospitalization in both males and females. The magnitude of this effect appeared to increase with increasing number of days of exposure averaging for most models, with the relative risk estimates stabilizing at about 6 days. Using a bidirectional case-crossover analysis, the estimated relative risks were 1.14 [95% confidence interval (CI), 1.02, 1.28] for males and 1.18 (95% CI, 1.02, 1.36) for females, for an increment of 8.4 microg/m(3) in 6-day averages of PM10-2.5. The corresponding relative risk estimates were 1.10 and 1.18, respectively, when we used time-series analysis. The effect of PM10-2.5 remained positive after adjustment for the effects of the gaseous pollutants carbon monoxide (CO), nitrogen dioxide (NO2), sulfur dioxide (SO2), and ozone (O3). We did not find significant effects of fine particulate matter (PM2.5) or of thoracic particulate matter (PM10) on asthma hospitalizations using either of these two analytic approaches. For the most part, relative risk estimates from the unidirectional case-crossover analysis were more pronounced compared with both bidirectional case-crossover and time-series analyses.",https://pubmed.ncbi.nlm.nih.gov/12055048/,INCLUDE,HIGH,"ESTUDO-MP2,5-CASE CROSSOVER E TIME SERIES-HOSPITALIZAÇÃO ASMA-IC 95%-INGLES",0
LBL-004,33919089,10.3390/ijerph18094400,2021,International journal of environmental research and public health,Short-Term Effects of Particulate Matter and Its Constituents on Emergency Room Visits for Chronic Obstructive Pulmonary Disease: A Time-Stratified Case-Crossover Study in an Urban Area.,"BACKGROUND: PM2.5 exposure is associated with pulmonary and airway inflammation, and the health impact might vary by PM2.5 constitutes. This study evaluated the effects of increased short-term exposure to PM2.5 constituents on chronic obstructive pulmonary disease (COPD)-related emergency department (ED) visits and determined the susceptible groups. METHODS: This retrospective observational study performed in a medical center from 2007 to 2010, and enrolled non-trauma patients aged >20 years who visited the emergency department (ED) and were diagnosed as COPD. Concentrations of PM2.5, PM10, and the four PM2.5 components, including organic carbon (OC), elemental carbon (EC), nitrate (NO3-), and sulfate (SO42-), were collected by three PM supersites in Kaohsiung City. We used an alternative design of the Poisson time series regression models called a time-stratified and case-crossover design to analyze the data. RESULTS: Per interquartile range (IQR) increment in PM2.5 level on lag 2 were associated with increments of 6.6% (95% confidence interval (CI), 0.5-13.0%) in risk of COPD exacerbation. An IQR increase in elemental carbon (EC) was significantly associated with an increment of 3.0% (95% CI, 0.1-5.9%) in risk of COPD exacerbation on lag 0. Meanwhile, an IQR increase in sulfate, nitrate, and OC levels was not significantly associated with COPD. Patients were more sensitive to the harmful effects of EC on COPD during the warm season (interaction p = 0.019). The risk of COPD exacerbation after exposure to PM2.5 was higher in individuals who are currently smoking, with malignancy, or during cold season, but the differences did not achieve statistical significance. CONCLUSION: PM2.5 and EC may play an important role in COPD events in Kaohsiung, Taiwan. Patients were more susceptible to the adverse effects of EC on COPD on warm days.",https://pubmed.ncbi.nlm.nih.gov/33919089/,INCLUDE,HIGH,"ESTUDO-MP2,5-CASE CROSSOVER-DPOC-IC 95%-INGLES",0
LBL-005,35307034,10.1186/s12931-022-01983-1,2022,Respiratory research,"Asthma and COPD exacerbation in relation to outdoor air pollution in the metropolitan area of Berlin, Germany.","BACKGROUND: Ambient air pollution poses a major risk for the development and aggravation of respiratory diseases. Evidence suggests that even in low-level air pollution environments there is a risk for an increase in adverse respiratory symptoms. We examined whether variations in daily air pollution levels of nitrogen dioxide, ozone, or particulate matter in Berlin, Germany were associated with hospital admissions of chronic obstructive pulmonary disease (COPD) and asthma patients in a time series analysis. METHODS: We calculated single and multi-pollutant models, investigated possible lags in effect, and analysed the influence of meteorological variables on the results. Data from January 2005 through December 2015 were used to quantify the concentration-response. RESULTS: The risk ratio for asthma patients to be hospitalised on the same day of NO2 exposure was 1.101 per 10 µg/m3 NO2 increase (95% CI: 1.013 to 1.195), for COPD patients 1.123 (95% CI: 1.081 to 1.168). Neither the exposure to ozone (95% CI: 0.904 to 1.020), PM10 (95% CI: 0.990 to 1.127), nor PM2.5 (95% CI: 0.981 to 1.148) was associated with an increased risk ratio for asthma patients to be hospitalised. Risk ratios for the hospital admission of COPD patients were also not increased due to ozone (95% CI: 0.981 to 1.033), PM10 (95% CI: 0.988 to 1.032), or PM2.5 (95% CI: 0.966 to 1.019) exposure. The presented risk ratios and confidence intervals relate to the day of exposure. We found no increased hospitalisation risks with a delayed occurrence on subsequent days. CONCLUSIONS: A quantifiable, statistically significant increase in risk for asthma and COPD exacerbations owing to NO2 exposure at levels well below European regulatory limit values was observed.",https://pubmed.ncbi.nlm.nih.gov/35307034/,INCLUDE,HIGH,"ESTUDO-MP2,5-TIME SERIES-IC 95%-INGLES",0
LBL-006,33157415,10.1016/j.ijheh.2020.113654,2021,International journal of hygiene and environmental health,Association of hospital admission for bronchiectasis with air pollution: A province-wide time-series study in southern China.,"The relation of acute fluctuations of air pollution to hospital admission for bronchiectasis remained uncertain, and large-scale studies were needed. We collected daily concentrations of particulate matter (PM), sulfur dioxide (SO2), nitrogen dioxide (NO2), carbon monoxide (CO), ozone (O3), and daily hospitalizations for bronchiectasis for 21 cities across Guangdong Province from 2013 through 2017. We examined their association using two-stage time-series analysis. Our analysis was stratified by specific sub-diagnosis, sex and age group to assess potential effect modifications. Relative risks of hospitalization for bronchiectasis were 1.060 (95%CI 1.014-1.108) for PM10 at lag0-6, 1.067 (95%CI 1.020-1.116) for PM2.5 at lag0-6, 1.038 (95%CI 1.005-1.073) for PMcoarse at lag0-6, 1.058 (95%CI 1.015-1.103) for SO2 at lag0-4, 1.057 (95%CI 1.030-1.084) for NO2 at lag0 and 1.055 (95%CI 1.025-1.085) for CO at lag0-6 per interquartile range increase of air pollution. Specifically, acute fluctuations of air pollution might be a risk factor for bronchiectasis patients with lower respiratory infection but not with hemoptysis. Patients aged ≥65 years, and female patients appeared to be particularly susceptible to air pollution. Acute fluctuations of air pollution, particularly PM may increase the risk of hospital admission for bronchiectasis exacerbations, especially for the patients complicated with lower respiratory infection. This study strengthens the importance of reducing adverse impact on respiratory health of air pollution to protect vulnerable populations.",https://pubmed.ncbi.nlm.nih.gov/33157415/,INCLUDE,HIGH,"ESTUDO-MP2,5-TIME SERIES-IC 95%-INGLES",0
LBL-007,29317583,10.11817/j.issn.1672-7347.2017.12.010,2017,Zhong nan da xue xue bao. Yi xue ban = Journal of Central South University. Medical sciences,[Relationship between air pollution and the number of pneumonia hospitalization in a children's hospital in Changsha].,"To explore the relationship between air pollution and the number of pneumonia hospitalization in a children's hospital in Changsha.  Methods: Children who have been in this hospital for the treatment of pneumonia between December 2013 and December 2015 were enrolled in this study. Based on daily meteorological data and air pollution data from December 2013 to December 2015 in Changsha, we constructed a generalized additive model to analyze the relationship between air pollution and the number of pneumonia hospitalization.  Results: During the research, the average concentration of PM2.5 and PM10 exceeded the Grade II national standards for air quality. The average concentration of SO2 exceeded the Grade I national standards. The change of all the 3 main air pollution indexes showed strong statistical relationship with the change of the number of pneumonia hospitalization (P<0.05), among which, the impact of SO2 ranked number 1, followed by PM2.5 and PM10. Effect of atmospheric pollution on the number of pneumonia boys was basically same as that in the total pneumonia children (P<0.05). The effect on girls showed no statistical relationship in both models (P>0.05).  Conclusion: The concentrations of SO2, PM2.5 and PM10 are positively correlated with pneumonia hospitalization number of children, and their effect on boys is more obvious than that in the girls. 目的：探讨大气污染与长沙市某儿童医院肺炎住院人数的关联性。方法：以长沙市某儿童医院2013年12月至2015年12月因肺炎住院者为研究对象，结合长沙市区2013年12月至2015年12月逐日气象数据及大气污染数据，利用时间序列的广义相加Poisson回归模型，探讨长沙市区大气污染与该儿童医院肺炎住院人数的关联性。结果：研究期间长沙市大气污染各指标中，PM2.5，PM10浓度均超出国家空气质量二级标准，SO2浓度超出国家一级标准；PM2.5，PM10，SO2 3种污染物浓度的改变与儿童肺炎住院人数改变的关联均有统计学意义(P<0.05)，其中SO2影响最大，PM2.5，PM10次之。大气污染对男童肺炎住院人数的影响与对总住院人数的影响基本一致(P<0.05)，对女童住院人数的影响在各模型中均无统计学意义(P>0.05)。结论：SO2，PM2.5及PM10浓度与该儿童医院肺炎住院人数呈正相关，且对男童的影响较女童大。.",https://pubmed.ncbi.nlm.nih.gov/29317583/,EXCLUDE,MEDIUM,NÃO É EM INGLÊS,6
LBL-008,36856604,10.20452/pamw.16444,2023,Polish archives of internal medicine,"Air pollution and long-term risk of hospital admission due to chronic obstructive pulmonary disease exacerbations in Poland: a time-stratified, case-crossover study.","INTRODUCTION: Airborne pollutants may worsen the course of chronic obstructive pulmonary disease (COPD). Previous studies have shown that both particulate and gaseous pollutants increase airway inflammation, which may lead to an exacerbation of COPD. OBJECTIVES: The aim of the study was to investigate the association between exposure to airborne pollutants and the risk of COPD exacerbations in 3 the largest urban agglomerations in Poland: Warsaw, Kraków, and Tricity. PATIENTS AND METHODS: We used a case‑crossover approach to analyze data from the years 2011-2018. This time‑series study used distributed lag linear-nonlinear models to analyze the risk of hospital admission due to COPD exacerbations during 21 days following the exposure to particulate matter (PM), NO2, and SO2. RESULTS: Overall, there were 26 948 admissions due to COPD exacerbations. During 21 days after exposure, the rate ratio (95% CI) for admissions per 10 μg/m3 was 1.028 (1.008-1.049) for PM10, 1.030 (1.006-1.055) for PM2.5, 1.032 (0.988-1.078) for NO2, and 1.145 (1.038-1.262) for SO2. The risk for admission peaked at 10 days after the exposure to PM10 and PM2.5, whereas for NO2 and SO2 the risk was the greatest on the day of exposure. The proportion (95% CI) of hospitalizations attributable to air pollution was 9.08% (3.10%-15.08%) for PM10, 7.61% (1.27%-13.49%) for PM2.5, 9.77% (-3.63% to 21.48%) for NO2, and 7.70% (2.30%-12.84%) for SO2. CONCLUSIONS: PM2.5, PM10, NO2, and SO2 pollution was associated with an increased risk of COPD exacerbations that needed hospitalization. There were different risk patterns for particulate and gaseous pollutants. Improving air quality in Polish cities could reduce the burden of COPD.",https://pubmed.ncbi.nlm.nih.gov/36856604/,INCLUDE,HIGH,"ESTUDO-MP2,5-CASE CROSSOVER E TIME SERIES-DPOC-IC 95%-INGLES",0
LBL-009,32356054,10.1007/s11356-020-08542-5,2020,Environmental science and pollution research international,The short-term effects of air pollution on respiratory disease hospitalizations in 5 cities in Poland: comparison of time-series and case-crossover analyses.,"Very few publications have compared different study designs investigating the short-term effects of air pollutants on healthcare visits and hospitalizations for respiratory tract diseases. This study describes, using two different study designs (a case-crossover design and a time-series analysis), the association of air pollutants and respiratory disease hospitalizations. The study has been conducted on 5 cities in Poland on a timeline of almost 4 years. DLNM and regression models were both used for the assessment of the short-term effects of air pollution peaks on respiratory hospitalizations. Both case-crossover and time-series studies equally revealed a positive association between air pollution peaks and hospitalization occurrences. Results were provided in the form of percentage increase of a respiratory visit/hospitalization, for each 10-μg/m3 increment in single pollutant level for both study designs. The most significant estimated % increases of hospitalizations linked to increase of 10 μg/m3 of pollutant have been recorded in general with particulate matter, with highest values for 24 h PM2.5 in Warsaw (6.4%, case-crossover; 4.5%, time series, respectively) and in Białystok (5.6%, case-crossover; 4.5%, time series, respectively). The case-crossover analysis results have shown a larger CI in comparison to the results of the time-series analysis, while the lag days were easier to identify with the case-crossover design. The trends and the overlap of the results occurring from both methods are good and show applicability of both study designs to air pollution effects on short-term hospitalizations.",https://pubmed.ncbi.nlm.nih.gov/32356054/,INCLUDE,MEDIUM,"CITA ""GRANDE IC"", SEM VALORES, DEMAIS CRITERIOS OK",0
LBL-010,30277796,10.1164/rccm.201806-1147OC,2019,American journal of respiratory and critical care medicine,Age-Specific Associations of Ozone and Fine Particulate Matter with Respiratory Emergency Department Visits in the United States.,"RATIONALE: Whereas associations between air pollution and respiratory morbidity for adults 65 years and older are well documented in the United States, the evidence for people under 65 is less extensive. To address this gap, the Centers for Disease Control and Prevention's National Environmental Public Health Tracking Program collected respiratory emergency department (ED) data from 17 states. OBJECTIVES: To estimate age-specific acute effects of ozone and fine particulate matter (particulate matter ≤2.5 mm in aerodynamic diameter [PM2.5]) on respiratory ED visits. METHODS: We conducted time-series analyses in 894 counties by linking daily respiratory ED visits with estimated ozone and PM2.5 concentrations during the week before the date of the visit. Overall effect estimates were obtained with a Bayesian hierarchical model to combine county estimates for each pollutant by age group (children, 0-18; adults, 19-64; adults ≥ 65, and all ages) and by outcome group (acute respiratory infection, asthma, chronic obstructive pulmonary disease, pneumonia, and all respiratory ED visits). MEASUREMENTS AND MAIN RESULTS: Rate ratios (95% credible interval) per 10-μg/m3 increase in PM2.5 and all respiratory ED visits were 1.024 (1.018-1.029) among children, 1.008 (1.004-1.012) among adults younger than 65 years, and 1.002 (0.996-1.007) among adults 65 and older. Per 20-ppb increase in ozone, rate ratios were 1.017 (1.011-1.023) among children, 1.051 (1.046-1.056) among adults younger than 65, and 1.033 (1.026-1.040) among adults 65 and older. Associations varied in magnitude by age group for each outcome group. CONCLUSIONS: These results address a gap in the evidence used to ensure adequate public health protection under national air pollution policies.",https://pubmed.ncbi.nlm.nih.gov/30277796/,INCLUDE,HIGH,"ESTUDO-MP2,5-TIME SERIES-ED-IC 95%-INGLES",0
LBL-011,26338689,10.1136/bmjopen-2015-009075,2015,BMJ open,Health risk of air pollution on people living with major chronic diseases: a Canadian population-based study.,"OBJECTIVES: The objective of this study was to use health administrative and environmental data to quantify the effects of ambient air pollution on health service use among those with chronic diseases. We hypothesised that health service use would be higher among those with more exposure to air pollution as measured by the Air Quality Health Index (AQHI). SETTING: Health administrative data was used to quantify health service use at the primary (physician office visits) and secondary (emergency department visits, hospitalisations) level of care in Ontario, Canada. PARTICIPANTS: We included individuals who resided in Ontario, Canada, from 2003 to 2010, who were ever diagnosed with one of 11 major chronic diseases. OUTCOME MEASURES: Rate ratios (RR) from Poisson regression models were used to estimate the short-term impact of incremental unit increases in AQHI, nitrogen dioxide (NO2; 10 ppb), fine particulate matter (PM2.5; 10 µg/m(3)) and ozone (O3; 10 ppb) on health services use among individuals with each disease. We adjusted for age, sex, day of the week, temperature, season, year, socioeconomic status and region of residence. RESULTS: Increases in outpatient visits ranged from 1% to 5% for every unit increase in the 10-point AQHI scale, corresponding to an increase of about 15,000 outpatient visits on a day with poor versus good air quality. The greatest increases in outpatient visits were for individuals with non-lung cancers (AQHI:RR=1.05; NO2:RR=1.14; p<0.0001) and COPD (AQHI:RR=1.05; NO2:RR=1.12; p<0.0001) and in hospitalisations, for individuals with diabetes (AQHI:RR=1.04; NO2:RR=1.07; p<0.0001) and COPD (AQHI:RR=1.03; NO2:RR=1.09; p<1.001). The impact remained 2 days after peak AQHI levels. CONCLUSIONS: Among individuals with chronic diseases, health service use increased with higher levels of exposure to air pollution, as measured by the AQHI. Future research would do well to measure the utility of targeted air quality advisories based on the AQHI to reduce associated health service use.",https://pubmed.ncbi.nlm.nih.gov/26338689/,INCLUDE,MEDIUM,"ESTUDO-MP2,5-TIME SERIES-DPOC-RR-INGLÊS",0
LBL-012,26039390,10.1590/S0034-8910.2014048005218,2014,Revista de saude publica,Isolated and synergistic effects of PM10 and average temperature on cardiovascular and respiratory mortality.,"OBJECTIVE To analyze the effect of air pollution and temperature on mortality due to cardiovascular and respiratory diseases. METHODS We evaluated the isolated and synergistic effects of temperature and particulate matter with aerodynamic diameter < 10 µm (PM10) on the mortality of individuals > 40 years old due to cardiovascular disease and that of individuals > 60 years old due to respiratory diseases in Sao Paulo, SP, Southeastern Brazil, between 1998 and 2008. Three methodologies were used to evaluate the isolated association: time-series analysis using Poisson regression model, bidirectional case-crossover analysis matched by period, and case-crossover analysis matched by the confounding factor, i.e., average temperature or pollutant concentration. The graphical representation of the response surface, generated by the interaction term between these factors added to the Poisson regression model, was interpreted to evaluate the synergistic effect of the risk factors. RESULTS No differences were observed between the results of the case-crossover and time-series analyses. The percentage change in the relative risk of cardiovascular and respiratory mortality was 0.85% (0.45;1.25) and 1.60% (0.74;2.46), respectively, due to an increase of 10 μg/m3 in the PM10 concentration. The pattern of correlation of the temperature with cardiovascular mortality was U-shaped and that with respiratory mortality was J-shaped, indicating an increased relative risk at high temperatures. The values for the interaction term indicated a higher relative risk for cardiovascular and respiratory mortalities at low temperatures and high temperatures, respectively, when the pollution levels reached approximately 60 μg/m3. CONCLUSIONS The positive association standardized in the Poisson regression model for pollutant concentration is not confounded by temperature, and the effect of temperature is not confounded by the pollutant levels in the time-series analysis. The simultaneous exposure to different levels of environmental factors can create synergistic effects that are as disturbing as those caused by extreme concentrations. OBJETIVO: Analisar o efeito da poluição do ar e da temperatura na mortalidade por doenças cardiovasculares e respiratórias. MÉTODOS: Foram analisados os efeitos da temperatura e do material particulado com diâmetro aerodinâmico < 10 micrômetros (MP10), isolado e sinérgico, na mortalidade de indivíduos > 40 anos por doenças cardiovasculares e na mortalidade de indivíduos > 60 anos por doenças respiratórias em São Paulo, SP, entre 1998 e 2008. Três tipos de metodologias foram aplicadas para avaliar a associação isolada: análise de séries temporais com regressão de Poisson, análise case-crossover com pareamento temporal bidirecional e análise case-crossover com pareamento pelo fator confundidor, i.e., temperatura média ou poluente. Foi interpretada a representação gráfica da superfície resposta, gerada por termo de interação entre tais fatores adicionado à regressão de Poisson, para avaliar o efeito sinérgico entre os fatores de risco. RESULTADOS: Não foram observadas diferenças entre os resultados das análises case-crossover e de séries temporais. Estimou-se mudança percentual no risco relativo para mortalidade cardiovascular e respiratória de 0,85% (0,45;1,25) e 1,60% (0,74;2,46), respectivamente, devido ao aumento de 10 μg/m3 na concentração do MP10. O padrão de associação da temperatura para mortalidade cardiovascular foi de U-shape e para mortalidade respiratória foi de J-shape, representando maior risco relativo em temperaturas altas. As figuras do termo de interação indicaram maior risco relativo em baixas temperaturas para mortalidade cardiovascular e em altas temperaturas para mortalidade respiratória em níveis de poluição em torno de 60 μg/m3. CONCLUSÕES: A associação positiva parametrizada no modelo de regressão de Poisson para os poluentes não sofre confusão da temperatura, bem como o efeito da temperatura não sofre confusão dos níveis de poluentes na análise de séries temporais. A simultaneidade de exposição a diferentes níveis de fatores ambientais pode gerar condições de efeito combinado, tão preocupantes quanto as de extremas concentrações.",https://pubmed.ncbi.nlm.nih.gov/26039390/,EXCLUDE,HIGH,MP10-MORTALIDADE,"2,3"
LBL-013,23981468,10.1186/1476-069X-12-68,2013,Environmental health : a global access science source,The effect of primary organic particles on emergency hospital admissions among the elderly in 3 US cities.,"BACKGROUND: Fine particle (PM2.5) pollution related to combustion sources has been linked to a variety of adverse health outcomes. Although poorly understood, it is possible that organic carbon (OC) species, particularly those from combustion-related sources, may be partially responsible for the observed toxicity of PM2.5. The toxicity of the OC species may be related to their chemical structures; however, few studies have examined the association of OC species with health impacts. METHODS: We categorized 58 primary organic compounds by their chemical properties into 5 groups: n-alkanes, hopanes, cyclohexanes, PAHs and isoalkanes. We examined their impacts on the rate of daily emergency hospital admissions among Medicare recipients in Atlanta, GA and Birmingham, AL (2006-2009), and Dallas, TX (2006-2007). We analyzed data in two stages; we applied a case-crossover analysis to simultaneously estimate effects of individual OC species on cause-specific hospital admissions. In the second stage we estimated the OC chemical group-specific effects, using a multivariate weighted regression. RESULTS: Exposures to cyclohexanes of six days and longer were significantly and consistently associated with increased rate of hospital admissions for CVD (3.40%, 95%CI = (0.64, 6.24%) for 7-d exposure). Similar increases were found for hospitalizations for ischemic heart disease and myocardial infarction. For respiratory related hospital admissions, associations with OC groups were less consistent, although exposure to iso-/anteiso-alkanes was associated with increased respiratory-related hospitalizations. CONCLUSIONS: Results suggest that week-long exposures to traffic-related, primary organic species are associated with increased rate of total and cause-specific CVD emergency hospital admissions. Associations were significant for cyclohexanes, but not hopanes, suggesting that chemical properties likely play an important role in primary OC toxicity.",https://pubmed.ncbi.nlm.nih.gov/23981468/,EXCLUDE,MEDIUM,"ANALISE DE COMPONENTES DO MP2,5 E NAO DELE DIRETAMENTE",2
LBL-014,35281479,10.1029/2020GH000330,2021,GeoHealth,Differential Cardiopulmonary Health Impacts of Local and Long-Range Transport of Wildfire Smoke.,"We estimated cardiopulmonary morbidity and mortality associated with wildfire smoke (WFS) fine particulate matter (PM2.5) in the Front Range of Colorado from 2010 to 2015. To estimate WFS PM2.5, we developed a daily kriged PM2.5 surface at a 15  × 15 km resolution based on the Environmental Protection Agency Air Quality System monitors for the western United States; we subtracted out local seasonal-average PM2.5 of nonsmoky days, identified using satellite-based smoke plume estimates, from the local daily estimated PM2.5 if smoke was identified by National Oceanic and Atmospheric Administration's Hazard Mapping System. We implemented time-stratified case-crossover analyses to estimate the effect of a 10 µg/m3 increase in WFS PM2.5 with cardiopulmonary hospitalizations and deaths using single and distributed lag models for lags 0-5 and distinct annual impacts based on local and long-range smoke during 2012, and long-range transport of smoke in 2015. A 10 µg/m3 increase in WFS was associated with all respiratory, asthma, and chronic obstructive pulmonary disease hospitalizations for lag day 3 and hospitalizations for ischemic heart disease at lag days 2 and 3. Cardiac arrest deaths were associated with WFS PM2.5 at lag day 0. For 2012 local wildfires, asthma hospitalizations had an inverse association with WFS PM2.5 (OR: 0.716, 95% CI: 0.517-0.993), but a positive association with WFS PM2.5 during the 2015 long-range transport event (OR: 1.455, 95% CI: 1.093-1.939). Cardiovascular mortality was associated with the 2012 long-range transport event (OR: 1.478, 95% CI: 1.124-1.944).",https://pubmed.ncbi.nlm.nih.gov/35281479/,INCLUDE,MEDIUM,"ESTUDO-MP2,5-CASE CROSSOVER-CARDIOPULMONAR-IC 95%-INGLES",0
LBL-015,40570205,10.7189/jogh.15.04196,2025,Journal of global health,"Association of short-term exposure to air pollutants with mortality from respiratory diseases: a case-crossover study of individual cases based in Hefei, China.","BACKGROUND: Although short-term exposure to air pollutants has been linked to heightened hospital admissions for respiratory diseases (RDs), evidence regarding its association with the risk of mortality from such diseases remains scarce. We aimed to examine the impact of short-term exposure to air pollutants on RD-related mortality. METHODS: We employed a time-stratified case-crossover design to explore the impact of short-term exposure to various air pollutants (fine particulate matter (PM2.5), coarse particulate matter (PM10), nitrogen dioxide (NO2), sulfur dioxide (SO2), carbon monoxide (CO), and ozone (O3)) on mortality due to RDs. Our sample comprised 15 878 RD-related deaths that occurred between 2017 and 2020 in Hefei, Anhui province. We delineated daily exposure to air pollutants using raster data corresponding to the residential addresses of the study subjects. We used conditional logistic regression to assess the relationship between pollutant exposure and the risk of mortality. To improve precision in identifying vulnerable populations, we stratified individuals by gender and age. Lastly, we used interrupted time series (ITS) analysis to explore COVID-19's impact on RD mortality. RESULTS: We found that every 10 μg/m3 increase in PM10, PM2.5, and CO at a lag of zero days was associated with the largest significant effect on increased mortality from RDs (excess mortality risks of 0.735%, 1.349%, and 0.160%, respectively). We observed the highest positive associations between NO2 and O3 with delays of one and two days, resulting in excess mortality risks of 1.965% and 0.861%, respectively. We obtained consistent findings through moving average concentration analysis, while our stratified analysis showed that females and the elderly exhibited a heightened susceptibility to mortality from RDs attributable to short-term exposure to pollutants. Additionally, the ITS analysis confirmed that the COVID-19 outbreak did not significantly alter the level and trend of RD deaths. CONCLUSIONS: Our findings indicate that short-term exposure to air pollutants, excluding SO2, increases mortality rates from RDs, particularly among women and the elderly. In the context of Hefei, our findings highlight the public health imperative for reducing local residents' exposure to air pollutants, particularly through targeted protection of vulnerable populations, to minimise preventable RD mortality.",https://pubmed.ncbi.nlm.nih.gov/40570205/,EXCLUDE,HIGH,MORTALIDADE-IC 95% NAO CLARA,"3,5"
LBL-016,31927244,10.1016/j.envres.2019.109095,2020,Environmental research,Inverse probability weighted distributed lag effects of short-term exposure to PM,"BACKGROUND: Although many studies have established significant associations between short-term air pollution and the risk of getting cardiovascular diseases, there is a lack of evidence based on causal distributed lag modeling. METHODS: Inverse probability weighting (ipw) propensity score models along with conditional logistic outcome regression models based on a case-crossover study design were applied to get the causal unconstrained distributed (lag0-lag5) as well as cumulative lag effect of short-term exposure to PM2.5/Ozone on hospital admissions of acute myocardial infarction (AMI), congestive heart failure (CHF) and ischemic stroke (IS) among New England Medicare participants during 2000-2012. Effect modification by gender, race, secondary diagnosis of Chronic Obstructive Pulmonary Diseases (COPD) and Diabetes (DM) was explored. RESULTS: Each 10 μg/m3 increase in lag0-lag5 cumulative PM2.5 exposure was associated with an increase of 4.3% (95% confidence interval: 2.2%, 6.4%, percentage change) in AMI hospital admission rate, an increase of 3.9% (2.4%, 5.5%) in CHF rate and an increase of 2.6% (0.4%, 4.7%) in IS rate. A weakened lagging effect of PM2.5 from lag0 to lag5 could be observed. No cumulative short-term effect of ozone on CVD was found. People with secondary diagnosis of COPD, diabetes, female gender and black race are sensitive population. CONCLUSIONS: Based on our causal distributed lag modeling, we found that short-term exposure to an increased ambient PM2.5 level had the potential to induce higher risk of CVD hospitalization in a causal way. More attention should be paid to population of COPD, diabetes, female gender and black race.",https://pubmed.ncbi.nlm.nih.gov/31927244/,EXCLUDE,MEDIUM,NÃO RESPIRATÓRIO,3
LBL-017,21172759,10.1289/ehp.1002638,2011,Environmental health perspectives,Distributed lag analyses of daily hospital admissions and source-apportioned fine particle air pollution.,"BACKGROUND: Past time-series studies of the health effects of fine particulate matter [aerodynamic diameter ≤ 2.5 µm (PM2.5)] have used chemically nonspecific PM2.5 mass. However, PM2.5 is known to vary in chemical composition with source, and health impacts may vary accordingly. OBJECTIVE: We tested the association between source-specific daily PM2.5 mass and hospital admissions in a time-series investigation that considered both single-lag and distributed-lag models. METHODS: Daily PM2.5 speciation measurements collected in midtown Manhattan were analyzed via positive matrix factorization source apportionment. Daily and distributed-lag generalized linear models of Medicare respiratory and cardiovascular hospital admissions during 2001-2002 considered PM2.5 mass and PM2.5 from five sources: transported sulfate, residual oil, traffic, steel metal works, and soil. RESULTS: Source-related PM2.5 (specifically steel and traffic) was significantly associated with hospital admissions but not with total PM2.5 mass. Steel metal works-related PM2.5 was associated with respiratory admissions for multiple-lag days, especially during the cleanup efforts at the World Trade Center. Traffic-related PM2.5 was consistently associated with same-day cardiovascular admissions across disease-specific subcategories. PM2.5 constituents associated with each source (e.g., elemental carbon with traffic) were likewise associated with admissions in a consistent manner. Mean effects of distributed-lag models were significantly greater than were maximum single-day effect models for both steel- and traffic-related PM2.5. CONCLUSIONS: Past analyses that have considered only PM2.5 mass or only maximum single-day lag effects have likely underestimated PM2.5 health effects by not considering source-specific and distributed-lag effects. Differing lag structures and disease specificity observed for steel-related versus traffic-related PM2.5 raise the possibility of distinct mechanistic pathways of health effects for particles of differing chemical composition.",https://pubmed.ncbi.nlm.nih.gov/21172759/,EXCLUDE,MEDIUM,SEM IC 95% CLARO,5
LBL-018,24555678,10.1080/15287394.2013.853337,2014,Journal of toxicology and environmental health. Part A,"Fine particulate air pollution and hospital admissions for pneumonia in a subtropical city: Taipei, Taiwan.","This study was undertaken to determine whether there was a correlation between fine particles (PM2.5) levels and hospital admissions for pneumonia in Taipei, Taiwan. Hospital admissions for pneumonia and ambient air pollution data for Taipei were obtained for the period from 2006 to 2010. The relative risk of hospital admissions for pneumonia was estimated using a case-crossover approach, controlling for weather variables, day of the week, seasonality, and long-term time trends. For the single-pollutant model (without adjustment for other pollutants), increased numbers of admissions for pneumonia were significantly associated with higher PM2.5 levels both on warm days (>23°C) and on cool days (<23°C). This was accompanied by an interquartile range elevation correlated with a 12% (95% CI = 16%-13%) and 4% (95% CI = 3%-6%) rise in number of admissions for pneumonia, respectively. In the two-pollutant models, PM2.5 remained significant after inclusion of sulfur dioxide (SO₂) or ozone (O₃) both on warm and on cool days. This study provides evidence that higher levels of PM2.5 increase the risk of hospital admissions for pneumonia.",https://pubmed.ncbi.nlm.nih.gov/24555678/,INCLUDE,HIGH,"ESTUDO-MP2,5-CASE CROSSOVER-PNEUMONIA-IC 95%-INGLÊS",0
LBL-019,35384572,10.1007/s10653-022-01256-2,2023,Environmental geochemistry and health,"Association of air pollutants and hospital admissions for respiratory diseases in Lanzhou, China, 2014-2019.","The aim of this study was to assess the effects of air pollutants on hospital admissions for respiratory disease (RD) by using distributed lag nonlinear model (DLNM) in Lanzhou during 2014-2019. In this study, the dataset of air pollutants, meteorological, and daily hospital admissions for RD in Lanzhou, from January 1st, 2014 to December 31st, 2019, were collected from three national environmental monitoring stations, China meteorological data service center, and three large general hospitals, respectively. A time-series analysis with DLNM was used to estimate the associations between air pollutants and hospital admissions for RD including the stratified analysis of age, gender, and season. The key findings were expressed as the relative risk (RR) with a 95% confidence interval (CI) for single-day and cumulative lag effects (0-7). A total of 90, 942 RD hospitalization cases were identified during the study period. The highest association (RR, 95% CI) of hospital admissions for RD and PM2.5 (1.030, 1.012-1.049), and PM10 (1.009, 1.001-1.015), and NO2 (1.047, 1.024-1.071) were observed at lag 07 for an increase of 10 μg/m3 in the concentrations, and CO at lag07 (1.140, 1.052-1.236) for an increase of 1 mg/m3 in the concentration. We observed that the RR estimates for gaseous pollutants (e.g., CO and NO2) were larger than those of particulate matter (e.g., PM2.5 and PM10). The harmful effects of PM2.5, PM10, NO2, and CO were greater in male, people aged 0-14 group and in the cold season. However, no significant association was observed for SO2, O38h, and total hospital admissions for RD. Therefore, some effective intervention strategies should be taken to strengthen the treatment of the ambient air pollutants, especially gaseous pollutants (e.g., CO and NO2), thereby, reducing the burden of respiratory diseases.",https://pubmed.ncbi.nlm.nih.gov/35384572/,INCLUDE,HIGH,"ESTUDO-MP2,5-TIME SERIES-HOSPITAL ADM-IC 95%-INGLÊS",0
LBL-020,40630285,10.1016/j.ekir.2025.04.002,2025,Kidney international reports,The 2023 Canadian Wildfires and Risk of Hospitalization and Mortality Among Hemodialysis Patients in the United States.,"INTRODUCTION: Smoke plumes from the 2023 Canadian wildfires severely impacted air quality across the Eastern and Midwestern USA. However, a comprehensive health impact assessment is lacking in this large region. We investigated the association between wildfire-related air pollutants and the risk of mortality and hospitalization among hemodialysis patients in 22 heavily impacted states in the Eastern and Midwestern USA. METHODS: We conducted a retrospective observational study using a time-stratified case-crossover analysis with a conditional quasi-Poisson model. The study included 52,995 patients with end-stage kidney disease (ESKD) receiving hemodialysis at Fresenius Kidney Care clinics during June and July 2023. The presence of wildfire smoke and fine particulate matter (with aerodynamic diameter < 2.5 microns, PM2.5) concentrations were assessed using satellite-derived smoke polygons and ground-based monitors. Daily number of all-cause deaths, all-cause hospitalizations, respiratory disease hospitalizations, and cardiovascular disease hospitalizations were counted for each hemodialysis clinic. RESULTS: The highest daily wildfire-related PM2.5 concentration observed (251.1 μg/m3) far exceeded the National Ambient Air Quality Standard (35 μg/m3). The presence of wildfire smoke plume was associated with an 18% increase in risk of same day (lag0) all-cause mortality (rate ratio [RR]:1.18; 95% confidence interval [CI], 1.13-1.24) and a 3% increase in risk of all-cause hospitalization (RR:1.03; 95% CI: 1.00-1.07). A 10 μg/m3 increase in wildfire-related PM2.5 was associated with a 139% increase in same day all-cause mortality (RR: 2.39; 95% CI: 1.79-3.18), and a 33% increase in all-cause hospitalization (RR:1.33; 95% CI: 1.10-1.62). CONCLUSION: Our findings suggest that air pollution from the 2023 Canadian wildfires resulted in increased risk of mortality and hospitalization among hemodialysis patients in Eastern and Midwestern USA.",https://pubmed.ncbi.nlm.nih.gov/40630285/,EXCLUDE,LOW,OUTCOME É DE HEMODIALISE,3
LBL-021,31962264,10.1016/j.envpol.2019.113776,2020,"Environmental pollution (Barking, Essex : 1987)",Short-term effect of PM,"This study aims to examine the association between short-term exposures to PM1, PM2.5 and PM10 (particulate matter with aerodynamic diameters ≤1 μm, ≤2.5 μm and ≤10 μm, respectively) and hospital admission for ischemic stroke in China. Daily counts of hospital admission for ischemic stroke were collected in 5 hospitals in China during November 2013 to October 2015. Daily concentrations of PM1, PM2.5 and PM10 were collected in 5 cities where the hospitals were located. A time-stratified case-crossover design was used to examine the hospital-specific PM-ischemic stroke association after controlling for potential confounders. Then the effect estimates were pooled using a random-effect meta-analysis. A total of 68,122 hospital admissions for ischemic stroke were identified from 5 hospitals during the study period. The pooled results showed that exposures to PM1, PM2.5 and PM10 were significantly associated with increased hospital admission for ischemic stroke on the current day and previous 1 day. The RRs (relative risk associated with per 10 μg/m3 increase in each pollutant) and 95%CIs (confidence intervals) for the cumulative effects of PM1, PM2.5 and PM10 on ischemic stroke during lag 0-1 days were 1.014 (1.005, 1.0023), 1.007 (1.000, 1.014) and 1.005 (1.001, 1.009), respectively. In total, 3.5%, 3.6% and 4.1% of hospital admissions for ischemic stroke could be attributable to PM1, PM2.5 and PM10, respectively. Exposures to ambient PM1, PM2.5 and PM10 pollution showed acute adverse effects on hospital admission for ischemic stroke. The health effects of PM1 should be considered by policy-makers.",https://pubmed.ncbi.nlm.nih.gov/31962264/,EXCLUDE,HIGH,OUTCOME É DE AVC ISQUÊMICO,3
LBL-022,26350981,10.1038/jes.2015.57,2016,Journal of exposure science & environmental epidemiology,Ambient air pollution and emergency department visits for asthma: a multi-city assessment of effect modification by age.,"Previous studies have found strong associations between asthma morbidity and major ambient air pollutants. Relatively little research has been conducted to assess whether age is a factor conferring susceptibility to air pollution-related asthma morbidity. We investigated the short-term relationships between asthma emergency department (ED) visits and ambient ozone (O3), carbon monoxide (CO), nitrogen dioxide (NO2), sulfur dioxide (SO2), and fine particulate matter (PM2.5) in Atlanta (1993-2009), Dallas (2006-2009), and St. Louis (2001-2007). City-specific daily time-series analyses were conducted to estimate associations by age group (0-4, 5-18, 19-39, 40-64, and 65+ years). Sub-analyses were performed stratified by race and sex. City-specific rate ratios (RRs) were combined by inverse-variance weighting to provide an overall association for each strata. The overall RRs differed across age groups, with associations for all pollutants consistently strongest for children aged 5-18 years. The patterns of association across age groups remained generally consistent when models were stratified by sex and race, although the strong observed associations among 5-18 year olds appeared to be partially driven by non-white and male patients. Our findings suggest that age is a susceptibility factor for asthma exacerbations in response to air pollution, with school-age children having the highest susceptibility.",https://pubmed.ncbi.nlm.nih.gov/26350981/,INCLUDE,MEDIUM,"ESTUDO-MP2,5-TIME SERIES-ASMA-RR-INGLÊS",0
LBL-023,39889591,10.1016/j.envint.2025.109277,2025,Environment international,Short-term exposure to desert dust and sandstorms and all-cause and cause-specific mortality and morbidity: A systematic review and meta-analysis.,"BACKGROUND: Desert dust and sandstorms raise concerns about their adverse effects on human health. Over the last decade, special attention has been given to mineral dust particles from desert sand. However, evidence from previous literature reviews has yielded inconclusive results regarding their health effects. We aim to systematically synthesize evidence on the short-term health effects of desert dust exposure from major dust source areas. METHODS: The bibliographic search was conducted using the MEDLINE (PubMed), Scopus, and Web of Science databases to investigate the health effects of short-term exposure to desert dust in human populations, using time series or case-crossover study designs. Study selection and reporting followed the Preferred Reporting Items for Systematic Reviews and Meta-Analyses (PRISMA) guidelines. We evaluated the risk of bias (RoB) for individual studies and the certainty of evidence (CoE) for environmental exposures, as developed by a group of experts convened by the World Health Organization (WHO). Publication bias was examined using funnel plots and Begg's asymmetry test. RESULTS: A total of 71 studies were included in the review, covering data from 1993 to 2024. Most studies focused on Asian and African desert dust, with fewer studies from Arabian, American, and Australian regions. We found a significant increase in the risk for all-cause mortality (Relative Risk, RR = 1.0121, 95 %CI = [1.0045, 1.0199]). In addition, the mortality risk associated with particulate matter less than 10 μm (PM10) was slightly higher on dust days compared to non-dust days, while for particulate matter less than 2.5 μm (PM2.5), the risk was higher on non-dust days. We also observed a significant increase in the risk for cardiovascular mortality (RR = 1.0252, 95 % CI = [1.0100, 1.0407]) during dust days compared to non-dust days, but not for respiratory mortality (RR = 1.0001, 95 % CI = [0.9773, 1.0277]). The risk also increased for cardiovascular (RR = 1.0094, 95 % CI = [1.0014, 1.0174]) and respiratory morbidity (RR = 1.0693, 95 % CI = [1.0188, 1.1224]). CONCLUSION: Exposure to desert dust and sandstorms is linked to increased risks of all-cause and cardiovascular mortality, as well as respiratory morbidity. The overall evidence quality for each exposure-outcome combination was assessed as moderate, although data limitations prevent the establishment of specific air quality thresholds for desert dust particles. This review highlights the need for targeted public health interventions in affected regions.",https://pubmed.ncbi.nlm.nih.gov/39889591/,EXCLUDE,HIGH,SYSTEMATIC REVIEW E META ANALYSIS,1
LBL-024,28532658,10.1016/j.amepre.2017.03.020,2017,American journal of preventive medicine,Secondhand Smoke Exposure and Pediatric Healthcare Visits and Hospitalizations.,"INTRODUCTION: This study assessed the relationship between secondhand smoke exposure (SHSe) as measured by serum cotinine and healthcare utilization among children. METHODS: In 2016, the 2009-2012 National Health and Nutrition Examination Survey data were analyzed including 4,985 children aged 3-19 years. Associations between SHSe and having a routine place for healthcare, type of place, and hospital utilization were examined using logistic regression models. Poisson regression analyses assessed the relationship between SHSe and number of hospital admissions. Relationships between SHSe and acute care visits and hospital utilization were examined among asthmatic children. RESULTS: SHSe level did not differ by having a routine place for healthcare, although children with high SHSe indicative of active smoking (cotinine ≥3 ng/mL) were 3.49 times (95% CI=1.77, 6.89) more likely to use an emergency department. Children with high SHSe were 2.85 times (95% CI=1.87, 4.34) more likely to have had an overnight hospital stay. Children with high SHSe had 2.05 times (95% CI=1.46, 2.87) the risk of having a higher number of hospital admissions for overnight stays versus children with no SHSe (cotinine <0.05 ng/mL). Among asthmatic children, those with high SHSe and low SHSe (cotinine 0.05-2.99 ng/mL) were more likely to have an acute care visit, overnight hospital stay, and higher number of hospital admissions than asthmatic children with no SHSe. CONCLUSIONS: High SHSe is associated with increased healthcare utilization. The emergency department and inpatient settings are important venues in which to routinely offer cessation and SHSe reduction interventions.",https://pubmed.ncbi.nlm.nih.gov/28532658/,EXCLUDE,HIGH,"NAO É MP2,5",2
LBL-025,34566522,10.1155/2021/8881390,2021,TheScientificWorldJournal,"Associations of Air Pollution and Pediatric Asthma in Cleveland, Ohio.","Air pollution has been associated with poor health outcomes and continues to be a risk factor for respiratory health in children. While higher particulate matter (PM) levels are associated with increased frequency of symptoms, lower lung function, and increase airway inflammation from asthma, the precise composition of the particles that are more highly associated with poor health outcomes or healthcare utilization are not fully elucidated. PM is measured quantifiably by current air pollution monitoring systems. To better determine sources of PM and speciation of such sources, a particulate matter (PM) source apportionment study, the Cleveland Multiple Air Pollutant Study (CMAPS), was conducted in Cleveland, Ohio, in 2009-2010, which allowed more refined assessment of associations with health outcomes. This article presents an evaluation of short-term (daily) and long-term associations between motor vehicle and industrial air pollution components and pediatric asthma emergency department (ED) visits by evaluating two sets of air quality data with healthcare utilization for pediatric asthma. Exposure estimates were developed using land use regression models for long-term exposures for nitrogen dioxide (NO2) and coarse (i.e., with aerodynamic diameters between 2.5 and 10 μm) particulate matter (PM) and the US EPA Positive Matrix Factorization receptor model for short-term exposures to fine (<2.5 μm) and coarse PM components. Exposure metrics from these two approaches were used in asthma ED visit prevalence and time series analyses to investigate seasonal-averaged short- and long-term impacts of both motor vehicles and industry emissions. Increased pediatric asthma ED visits were found for LUR coarse PM and NO2 estimates, which were primarily contributed by motor vehicles. Consistent, statistically significant associations with pediatric asthma visits were observed, with short-term exposures to components of fine and coarse iron PM associated with steel production. Our study is the first to combine spatial and time series analysis of ED visits for asthma using the same periods and shows that PM related to motor vehicle emissions and iron/steel production are associated with increased pediatric asthma visits.",https://pubmed.ncbi.nlm.nih.gov/34566522/,EXCLUDE,MEDIUM,SEM IC 95% CLARO,5
LBL-026,22156960,10.1136/thoraxjnl-2011-200324,2012,Thorax,Coarse and fine particles but not ultrafine particles in urban air trigger hospital admission for asthma in children.,"BACKGROUND: Short-term exposure to air pollution can trigger hospital admissions for asthma in children, but it is not known which components of air pollution are most important. There are no available studies on the particular effect of ultrafine particles (UFPs) on paediatric admissions for asthma. AIM: To study whether short-term exposure to air pollution is associated with hospital admissions for asthma in children. It is hypothesised that (1) the association between asthma admissions and air pollution is stronger with UFPs than with coarse (PM10) and fine (PM2.5) particles, nitrogen oxides (NOx) or nitrogen dioxide (NO2); and (2) infants are more susceptible to the effects of exposure to air pollution than older children. METHOD: Daily counts of admissions for asthma in children aged 0-18 years to hospitals located within a 15 km radius of the central fixed background urban air pollution measurement station in Copenhagen between 2001 and 2008 were extracted from the Danish National Patient Registry. A time-stratified case crossover design was applied and data were analysed using conditional logistic regression to estimate the effect of air pollution on asthma admissions. RESULTS: A significant association was found between hospital admissions for asthma in children aged 0-18 years and NOx (OR 1.11; 95% CI 1.05 to 1.17), NO2 (1.10; 95% CI 1.04 to 1.16), PM10 (1.07; 95% CI 1.03 to 1.12) and PM2.5 (1.09; 95% CI 1.04 to 1.13); there was no association with UFPs. The association was stronger in infants than in older children for all pollutants, but no statistically significant interaction was detected. CONCLUSION: Short-term exposure to air pollution can trigger hospital admission for asthma in children, with infants possibly being most susceptible. These effects seemed to be mediated by larger particles and traffic-related gases, whereas UFPs showed no effect.",https://pubmed.ncbi.nlm.nih.gov/22156960/,INCLUDE,HIGH,"ESTUDO-MP2,5-CASE CROSSOVER-ASMA-IC 95%-INGLÊS",0
LBL-027,40300246,10.1016/j.ijheh.2025.114587,2025,International journal of hygiene and environmental health,Long-term exposure to criteria air pollutants and infant mortality: a systematic review and meta-analysis.,"AIM: We conducted a systematic review/meta-analysis for epidemiologic evidence of the association between long-term criteria air pollution (nitrogen dioxide (NO2), sulfur dioxide (SO2), coarse particulate matter (PM10), fine particulate matter (PM2.5), ozone (O3), carbon monoxide (CO)) exposure and all-cause, respiratory, and sudden infant death syndrome (SIDS) infant mortality. METHODS: Studies were identified through PubMed/Web of Science databases using comprehensive search terms, then screened using predefined criteria. For studies eligible for inclusion in meta-analyses, we applied a systematic rubric for evaluating study quality across domains: participant selection, outcome, exposure, confounding, analysis, selective reporting, sensitivity, overall quality. When ≥3 eligible studies provided effect estimates, we performed meta-analyses to estimate pooled odds ratios (ORs) and 95% confidence intervals (95% CI) for air pollutants and infant mortality. RESULTS: Of the 701 initial studies, we excluded 678 studies in the abstract screening and full text screening phases, leaving 23 studies for inclusion. Four studies included extractable effect estimates for PM10 and seven for PM2.5. We could not conduct meta-analyses for CO, O3, NO2, or SO2 because each had <3 eligible studies. The pooled OR (95% CI) for a 10-μg/m3 increase in PM10 concentration was 1.04 (1.02, 1.06) for all-cause, 1.11 (1.02, 1.21) for respiratory, and 1.05 (0.98, 1.13) for SIDS infant mortality. The pooled OR for a 5-μg/m3 increase in PM2.5 concentration was 1.02 (0.98, 1.05) for all-cause, 0.83 (0.30, 2.27) for respiratory, and 0.97 (0.88, 1.08) for SIDS infant mortality. CONCLUSIONS: Long-term exposure to PM10 is associated with all-cause and respiratory infant mortality across studies.",https://pubmed.ncbi.nlm.nih.gov/40300246/,EXCLUDE,HIGH,SYSTEMATIC REVIEW E META ANALYSIS,1
LBL-028,32609172,10.1590/0102-311X00246118,2020,Cadernos de saude publica,"[Effect of the substitution of heating technology on PM 2.5 levels and number of hospitalizations for acute respiratory conditions in Coyhaique, Chile].","Coyhaique (Southern Chile) is one of the most polluted cities in the Americas due to the burning of firewood. In 2016, a mass substitution of residential heating technology was launched to decrease the air concentrations of particulate matter in the winter. Based on time series analyses, the article discusses the effect of this measure on PM2.5 levels and hospitalizations for acute respiratory conditions in individuals under 15 years of age. Coyhaique, en el sur de Chile, es una de las ciudades más contaminadas de América, debido a la quema de leña. En 2016, se lanzó una sustitución masiva de la tecnología de calefacción residencial para disminuir las concentraciones de partículas de aire en el invierno. Basado en análisis de series de tiempo, el artículo analiza el efecto de esta medida en los niveles de MP2,5 y en las hospitalizaciones por afecciones respiratorias agudas en personas menores de 15 años. Coyhaique, no sul de Chile, é uma das cidades mais poluídas devido a queima de lenha nas Américas. Em 2016 se deu início a uma massiva substituição da tecnologia de aquecimento do interior das vivendas para diminuir as concentrações atmosféricas de material particulado no inverno. Através de análises de séries temporais, o artigo discute o efeito desta medida nos níveis de MP2,5 e nas internações por urgências respiratórias em menores de 15 anos.",https://pubmed.ncbi.nlm.nih.gov/32609172/,EXCLUDE,HIGH,SEM IC 95%-NÃO É EM INGLÊS,"5,6"
LBL-029,23314899,10.1183/09031936.00128712,2013,The European respiratory journal,Air pollution and multiple acute respiratory outcomes.,"Short-term effects of air pollutants on respiratory mortality and morbidity have been consistently reported but usually studied separately. To more completely assess air pollution effects, we studied hospitalisations for respiratory diseases together with out-of-hospital respiratory deaths. A time-stratified case-crossover study was carried out in six Italian cities from 2001 to 2005. Daily particulate matter (particles with a 50% cut-off aerodynamic diameter of 10 μm (PM10)) and nitrogen dioxide (NO2) associations with hospitalisations for respiratory diseases (n = 100 690), chronic obstructive pulmonary disease (COPD) (n = 38 577), lower respiratory tract infections (LRTI) among COPD patients (n = 9886) and out-of-hospital respiratory deaths (n = 5490) were estimated for residents aged ≥35 years. For an increase of 10 μg·m(-3) in PM10, we found an immediate 0.59% (lag 0-1 days) increase in hospitalisations for respiratory diseases and a 0.67% increase for COPD; the 1.91% increase in LRTI hospitalisations lasted longer (lag 0-3 days) and the 3.95% increase in respiratory mortality lasted 6 days. Effects of NO2 were stronger and lasted longer (lag 0-5 days). Age, sex and previous ischaemic heart disease acted as effect modifiers for different outcomes. Analysing multiple rather than single respiratory events shows stronger air pollution effects. The temporal relationship between the pollutant increases and hospitalisations or mortality for respiratory diseases differs.",https://pubmed.ncbi.nlm.nih.gov/23314899/,EXCLUDE,HIGH,MP10,2
LBL-030,21569371,10.1186/1476-069X-10-36,2011,Environmental health : a global access science source,Implications of different approaches for characterizing ambient air pollutant concentrations within the urban airshed for time-series studies and health benefits analyses.,"BACKGROUND: In time-series studies of the health effects of urban air pollutants, decisions must be made about how to characterize pollutant levels within the airshed. METHODS: Emergency department visits for pediatric asthma exacerbations were collected from Atlanta hospitals. Concentrations of carbon monoxide, nitrogen dioxide, ozone, sulfur dioxide, particulate matter less than 10 microns in diameter (PM10), particulate matter less than 2.5 microns in diameter (PM2.5), and the PM2.5 components elemental carbon, organic carbon, and sulfate were obtained from networks of ambient air quality monitors. For each pollutant we created three different daily metrics. For one metric we used the measurements from a centrally-located monitor; for the second we averaged measurements across the network of monitors; and for the third we estimated the population-weighted average concentration using an isotropic spatial model. Rate ratios for each of the metrics were estimated from time-series models. RESULTS: For pollutants with relatively homogeneous spatial distributions we observed only small differences in the rate ratio across the three metrics. Conversely, for spatially heterogeneous pollutants we observed larger differences in the rate ratios. For a given pollutant, the strength of evidence for an association (i.e., chi-square statistics) tended to be similar across metrics. CONCLUSIONS: Given that the chi-square statistics were similar across the metrics, the differences in the rate ratios for the spatially heterogeneous pollutants may seem like a relatively small issue. However, these differences are important for health benefits analyses, where results from epidemiological studies on the health effects of pollutants (per unit change in concentration) are used to predict the health impacts of a reduction in pollutant concentrations. We discuss the relative merits of the different metrics as they pertain to time-series studies and health benefits analyses.",https://pubmed.ncbi.nlm.nih.gov/21569371/,INCLUDE,MEDIUM,"ESTUDO-MP2,5-TIME SERIES-ASMA-RR-INGLÊS",0
LBL-031,26219103,10.1289/ehp.1409164,2016,Environmental health perspectives,Desert Dust Outbreaks in Southern Europe: Contribution to Daily PM₁₀ Concentrations and Short-Term Associations with Mortality and Hospital Admissions.,"BACKGROUND: Evidence on the association between short-term exposure to desert dust and health outcomes is controversial. OBJECTIVES: We aimed to estimate the short-term effects of particulate matter ≤ 10 μm (PM10) on mortality and hospital admissions in 13 Southern European cities, distinguishing between PM10 originating from the desert and from other sources. METHODS: We identified desert dust advection days in multiple Mediterranean areas for 2001-2010 by combining modeling tools, back-trajectories, and satellite data. For each advection day, we estimated PM10 concentrations originating from desert, and computed PM10 from other sources by difference. We fitted city-specific Poisson regression models to estimate the association between PM from different sources (desert and non-desert) and daily mortality and emergency hospitalizations. Finally, we pooled city-specific results in a random-effects meta-analysis. RESULTS: On average, 15% of days were affected by desert dust at ground level (desert PM10 > 0 μg/m3). Most episodes occurred in spring-summer, with increasing gradient of both frequency and intensity north-south and west-east of the Mediterranean basin. We found significant associations of both PM10 concentrations with mortality. Increases of 10 μg/m3 in non-desert and desert PM10 (lag 0-1 days) were associated with increases in natural mortality of 0.55% (95% CI: 0.24, 0.87%) and 0.65% (95% CI: 0.24, 1.06%), respectively. Similar associations were estimated for cardio-respiratory mortality and hospital admissions. CONCLUSIONS: PM10 originating from the desert was positively associated with mortality and hospitalizations in Southern Europe. Policy measures should aim at reducing population exposure to anthropogenic airborne particles even in areas with large contribution from desert dust advections. CITATION: Stafoggia M, Zauli-Sajani S, Pey J, Samoli E, Alessandrini E, Basagaña X, Cernigliaro A, Chiusolo M, Demaria M, Díaz J, Faustini A, Katsouyanni K, Kelessis AG, Linares C, Marchesi S, Medina S, Pandolfi P, Pérez N, Querol X, Randi G, Ranzi A, Tobias A, Forastiere F, MED-PARTICLES Study Group. 2016. Desert dust outbreaks in Southern Europe: contribution to daily PM10 concentrations and short-term associations with mortality and hospital admissions. Environ Health Perspect 124:413-419; http://dx.doi.org/10.1289/ehp.1409164.",https://pubmed.ncbi.nlm.nih.gov/26219103/,EXCLUDE,HIGH,MP10,2
LBL-032,26232212,10.1016/j.scitotenv.2015.06.056,2015,The Science of the total environment,Air pollution and cardiovascular and respiratory emergency visits in Central Arkansas: A time-series analysis.,"BACKGROUND: Heart disease and stroke mortality and morbidity rates in Arkansas are among the highest in the U.S. While the effect of air pollution on cardiovascular health was identified in traffic-dominated metropolitan areas, there is a lack of studies for populations with variable exposure profiles, demographic and disease characteristics. OBJECTIVE: Determine the short-term effects of air pollution on cardiovascular and respiratory morbidity in the stroke and heart failure belt. METHODS: We investigated the associations of fine particles and ozone with respiratory and cardiovascular emergency room visits during the 2002-2012 period for adults in Central Arkansas using Poisson generalized models adjusted for temporal, seasonal and meteorological effects. We evaluated sensitivity of the associations to mutual pollutant adjustment and effect modification patterns by sex, age, race and season. RESULTS: We found effects on cardiovascular and respiratory emergencies for PM2.5 (1.52% [95% (confidence interval) CI: -1.10%, 4.20%]; 1.45% [95%CI: -2.64%, 5.72%] per 10 μg/m3) and O3 (0.93% [95%CI: -0.87%, 2.76%]; 0.76 [95%CI: -1.92%, 3.52%] per 10 ppbv) during the cold period (October-March). The effects were stronger among whites, except for the respiratory effects of O3 that were higher among Blacks/African-Americans. Effect modification patterns by age and sex differed by association. Both pollutants were associated with increases in emergency room visits for hypertension, heart failure and asthma. Effects on cardiovascular and respiratory emergencies were observed during the cold period when particulate matter was dominated by secondary nitrate and wood burning. CONCLUSION: Outdoor particulate pollution during winter had an effect on cardiovascular morbidity in central Arkansas, the region with high stroke and heart disease incidence rates.",https://pubmed.ncbi.nlm.nih.gov/26232212/,INCLUDE,HIGH,"ESTUDO-MP2,5-TIME SERIES-ASMA-IC 95%-INGLÊS",0
LBL-033,31787180,10.1016/j.jes.2019.05.015,2019,Journal of environmental sciences (China),Association of emergency room visits for respiratory diseases with sources of ambient PM,"Previous studies have reported associations of short-term exposure to different sources of ambient fine particulate matter (PM2.5) and increased mortality or hospitalizations for respiratory diseases. Few studies, however, have focused on the short-term effects of source-specific PM2.5 on emergency room visits (ERVs) of respiratory diseases. Source apportionment for PM2.5 was performed with Positive Matrix Factorization (PMF) and generalized additive model was applied to estimate associations between source-specific PM2.5 and respiratory disease ERVs. The association of PM2.5 and total respiratory ERVs was found on lag4 (RR = 1.011, 95%CI: 1.002, 1.020) per interquartile range (76 μg/m3) increase. We found PM2.5 to be significantly associated with asthma, bronchitis and chronic obstructive pulmonary disease (COPD) ERVs, with the strongest effects on lag5 (RR = 1.072, 95%CI: 1.024, 1.119), lag4 (RR = 1.104, 95%CI: 1.032, 1.176) and lag3 (RR = 1.091, 95%CI: 1.047, 1.135), respectively. The estimated effects of PM2.5 changed little after adjusting for different air pollutants. Six primary PM2.5 sources were identified using PMF analysis, including dust/soil (6.7%), industry emission (4.5%), secondary aerosols (30.3%), metal processing (3.2%), coal combustion (37.5%) and traffic-related source (17.8%). Some of the sources were identified to have effects on ERVs of total respiratory diseases (dust/soil, secondary aerosols, metal processing, coal combustion and traffic-related source), bronchitis ERVs (dust/soil) and COPD ERVs (traffic-related source, industry emission and secondary aerosols). Different sources of PM2.5 contribute to increased risk of respiratory ERVs to different extents, which may provide potential implications for the decision making of air quality related policies, rational emission control and public health welfare.",https://pubmed.ncbi.nlm.nih.gov/31787180/,INCLUDE,HIGH,"ESTUDO-MP2,5-CASE CROSSOVER-DPOC-IC 95%-INGLES",0
LBL-034,32760064,10.1371/journal.pmed.1003188,2020,PLoS medicine,Ambient air pollution and cause-specific risk of hospital admission in China: A nationwide time-series study.,"BACKGROUND: The impacts of air pollution on circulatory and respiratory systems have been extensively studied. However, the associations between air pollution exposure and the risk of noncommunicable diseases of other organ systems, including diseases of the digestive, musculoskeletal, and genitourinary systems, remain unclear or inconclusive. We aimed to systematically assess the associations between short-term exposure to main air pollutants (fine particulate matter [PM2.5] and ozone) and cause-specific risk of hospital admission in China over a wide spectrum of human diseases. METHODS AND FINDINGS: Daily data on hospital admissions for primary diagnosis of 14 major and 188 minor disease categories in 252 Chinese cities (107 cities in North China and 145 cities in South China) from January 1, 2013, to December 31, 2017, were obtained from the Hospital Quality Monitoring System of China (covering 387 hospitals in North China and 614 hospitals in South China). We applied a 2-stage analytic approach to assess the associations between air pollution and daily hospital admissions. City-specific associations were estimated with quasi-Poisson regression models and then pooled by random-effects meta-analyses. Each disease category was analyzed separately, and the P values were adjusted for multiple comparisons. A total of 117,338,867 hospital admissions were recorded in the study period. Overall, 51.7% of the hospitalized cases were male, and 71.3% were aged <65 years. Robust positive associations were found between short-term PM2.5 exposure and hospital admissions for 7 major disease categories: (1) endocrine, nutritional, and metabolic diseases; (2) nervous diseases; (3) circulatory diseases; (4) respiratory diseases; (5) digestive diseases; (6) musculoskeletal and connective tissue diseases; and (7) genitourinary diseases. For example, a 10-μg/m3 increase in PM2.5 was associated with a 0.21% (95% CI 0.15% to 0.27%; adjusted P < 0.001) increase in hospital admissions for diseases of the digestive system on the same day in 2-pollutant models (adjusting for ozone). There were 35 minor disease categories significantly positively associated with same-day PM2.5 in both single- and 2-pollutant models, including diabetes mellitus, anemia, intestinal infection, liver diseases, gastrointestinal hemorrhage, renal failure, urinary tract calculus, chronic ulcer of skin, and back problems. The association between short-term ozone exposure and respiratory diseases was robust. No safety threshold in the exposure-response relationships between PM2.5 and hospital admissions was observed. The main limitations of the present study included the unavailability of data on personal air pollution exposures. CONCLUSIONS: In the Chinese population during 2013-2017, short-term exposure to air pollution, especially PM2.5, was associated with increased risk of hospitalization for diseases of multiple organ systems, including certain diseases of the digestive, musculoskeletal, and genitourinary systems; many of these associations are important but still not fully recognized. The effect estimates and exposure-response relationships can inform policy making aimed at protecting public health from air pollution in China.",https://pubmed.ncbi.nlm.nih.gov/32760064/,INCLUDE,MEDIUM,"ESTUDO-MP2,5-TIME SERIES-HOSPITAL-IC 95%-INGLÊS",0
LBL-035,35661917,10.1007/s00420-022-01887-z,2022,International archives of occupational and environmental health,"Association between air pollution and hospital admissions for chronic respiratory disease in people aged over 65 years: a time series analysis in Ningbo, China, 2015-2017.","PURPOSE: To provide essential information of environmental triggers leading to CRD. METHODS: We investigated the short-term effects of ambient air pollutants on CRD-related hospitalizations in people aged ≥ 65 years in Ningbo. Data on 23,610 cases of CRD requiring hospitalization were collected from January 2015 to August 2017. After adjusting for temporal trends, seasonality, meteorological conditions, day of week (DOW), and public holidays, we used generalized additive Poisson distribution models to calculate the excess risks (ERs) and 95% confidence intervals (95% CIs) of CRD related hospitalizations. RESULTS: Our results showed that fine particulate matter (PM2.5), inhalable particulate matter (PM10), sulfur dioxide (SO2), nitrogen dioxide (NO2), and carbon monoxide (CO) were associated with CRD-related hospitalizations in people aged ≥ 65 years. We observed that each 10 μg/m3 increase (except for each 0.1 mg/m3 increase in CO) in the concentration of air pollutants, the percentage of CRD-related hospitalizations due to PM2.5, PM10, and SO2 exposure at lag 07, NO2 exposure at lag 03, and CO exposure at lag 0 increased by 2.13% (95% CI: 0.55%, 3.74%), 1.76% (95% CI: 0.70%, 2.83%), 8.24% (95% CI: 0.92%, 16.09%), 2.16% (95% CI: 0.26%, 4.05%), and 1.19% (95% CI: 0.26%, 2.12%), respectively. In addition, we found stronger effects of particulate matter in 75-84 years age group, on warmer days, and in asthmatics. CONCLUSION: In conclusion, air pollution may have adverse effects on CRD-related hospitalizations among people aged ≥ 65 years in Ningbo. Therefore, public health measures should be taken to improve air quality.",https://pubmed.ncbi.nlm.nih.gov/35661917/,INCLUDE,HIGH,"ESTUDO-MP2,5-TIME SERIES-DRC-IC 95%-INGLÊS",0
LBL-036,34574538,10.3390/ijerph18189617,2021,International journal of environmental research and public health,Ambient PM,"Evidence of associations between exposure to ambient air pollution and health outcomes are sparse in the South Asian region due to limited air pollution exposure and quality health data. This study investigated the potential impacts of ambient particulate matter (PM) on respiratory disease hospitalization in Kandy, Sri Lanka for the year 2019. The Generalized Additive Model (GAM) was applied to estimate the short-term effect of ambient PM on respiratory disease hospitalization. As the second analysis, respiratory disease hospitalizations during two distinct air pollution periods were analyzed. Each 10 μg/m3 increase in same-day exposure to PM2.5 and PM10 was associated with an increased risk of respiratory disease hospitalization by 1.95% (0.25, 3.67) and 1.63% (0.16, 3.12), respectively. The effect of PM2.5 or PM10 on asthma hospitalizations were 4.67% (1.23, 8.23) and 4.04% (1.06, 7.11), respectively (p < 0.05). The 65+ years age group had a higher risk associated with PM2.5 and PM10 exposure and hospital admissions for all respiratory diseases on the same day (2.74% and 2.28%, respectively). Compared to the lower ambient air pollution period, higher increased hospital admissions were observed among those aged above 65 years, males, and COPD and pneumonia hospital admissions during the high ambient air pollution period. Active efforts are crucial to improve ambient air quality in this region to reduce the health effects.",https://pubmed.ncbi.nlm.nih.gov/34574538/,INCLUDE,MEDIUM,"ESTUDO-MP2,5-TIME SERIES-RESPIRATÓRIO-IC 95% SUBENTENDIDO-INGLÊS",0
LBL-037,35073244,10.1164/rccm.202107-1596OC,2022,American journal of respiratory and critical care medicine,Air Pollutants and Asthma Hospitalization in the Medicaid Population.,"Rationale: Risk of asthma hospitalization and its disparities associated with air pollutant exposures are less clear within socioeconomically disadvantaged populations, particularly at low degrees of exposure. Objectives: To assess effects of short-term exposures to fine particulate matter (particulate matter with an aerodynamic diameter of ⩽2.5 μm [PM2.5]), warm-season ozone (O3), and nitrogen dioxide (NO2) on risk of asthma hospitalization among national Medicaid beneficiaries, the most disadvantaged population in the United States, and to test whether any subpopulations were at higher risk. Methods: We constructed a time-stratified case-crossover dataset among 1,627,002 hospitalizations during 2000-2012 and estimated risk of asthma hospitalization associated with short-term PM2.5, O3, and NO2 exposures. We then restricted the analysis to hospitalizations with degrees of exposure below increasingly stringent thresholds. Furthermore, we tested effect modifications by individual- and community-level characteristics. Measurements and Main Results: Each 1-μg/m3 increase in PM2.5, 1-ppb increase in O3, and 1-ppb increase in NO2 was associated with 0.31% (95% confidence interval [CI], 0.24-0.37%), 0.10% (95% CI, 0.05 - 0.15%), and 0.28% (95% CI, 0.24 - 0.32%) increase in risk of asthma hospitalization, respectively. Low-level PM2.5 and NO2 exposures were associated with higher risk. Furthermore, beneficiaries with only one asthma hospitalization during the study period or in communities with lower population density, higher average body mass index, longer distance to the nearest hospital, or greater neighborhood deprivation experienced higher risk. Conclusions: Short-term air pollutant exposures increased risk of asthma hospitalization among Medicaid beneficiaries, even at concentrations well below national standards. The subgroup differences suggested individual and contextual factors contributed to asthma disparities under effects of air pollutant exposures.",https://pubmed.ncbi.nlm.nih.gov/35073244/,INCLUDE,HIGH,"ESTUDO-MP2,5-CASE CROSSOVER-ASMA-IC 95%-INGLÊS",0
LBL-038,39520750,10.1016/j.ecoenv.2024.117289,2024,Ecotoxicology and environmental safety,Ambient air pollution and hospital admission for interstitial lung diseases: A multicenter hospital-based case-crossover study.,"Interstitial lung diseases (ILDs) lead to increased morbidity and premature deaths, imposing a significant burden on public health worldwide. Recently, several studies have linked ambient air pollution with the acute exacerbation of certain ILDs, but the evidence remains limited and inconclusive. With a multicenter hospital-based case-crossover design, we investigated 9128 patients who resided in Jiangsu province, China, and were admitted for ILDs between 2019 and 2022. Residential exposure to particulate matter with an aerodynamic diameter ≤ 2.5 µm (PM2.5), PM10, sulfur dioxide (SO2), nitrogen dioxide (NO2), carbon monoxide (CO), and ozone (O3) was assessed using our validated grid datasets. We fitted conditional logistic regression models to examine associations of exposure to air pollutants with ILD admission. A 10 µg/m3 increment of exposure to SO2 and NO2 was positively associated with a 16.18 % (95 % confidence interval [CI]: 3.79 %, 30.03 %) and 4.06 % (0.75 %, 7.49 %) increase in odds of ILD admission, respectively. All these associations appeared to be linear and the association of SO2 exposure was significantly stronger among older adults. We estimated that over 10 % of ILD admissions could be attributable to exposure to SO2 and NO2. This study provides compelling evidence on the association of exposure to ambient air pollutants (including SO2 and NO2) with an increased odds of ILD hospitalizations. Our findings indicate that SO2 and NO2 exposures can lead to the exacerbation of ILDs, especially in elderly, and that the disease burden is considerable.",https://pubmed.ncbi.nlm.nih.gov/39520750/,INCLUDE,MEDIUM,"ESTUDO-MP2,5-CASE CROSSOVER-RESPIRATÓRIO-IC 95% NAO SIGNIFICATIVO MP2,5-INGLÊS",0
LBL-039,30698228,10.1590/1414-431X20188130,2019,Brazilian journal of medical and biological research = Revista brasileira de pesquisas medicas e biologica,Effects of exposure to fine particulate matter in elderly hospitalizations due to respiratory diseases in the South of the Brazilian Amazon.,"Exposure to air pollution is an important cause of hospital admissions due to respiratory diseases. Nevertheless, few studies use pollutant concentration data estimated by mathematical models. A time-series ecological study was developed, using data from hospitalizations due to respiratory diseases in people over 60 years of age, residents of Cuiabá, Brazil, during 2012, obtained from the Brazilian Ministry of Health. The independent variables were the concentrations of fine particulate matter (PM2.5) and carbon monoxide (CO) estimated by mathematical modeling, minimum temperature, and relative humidity (obtained from the Brazilian Meteorological Agency), and the number of forest fires. The generalized linear regression model of Poisson was used, with lags of 0 to 7 days. The coefficients obtained were transformed into relative risk of hospitalization, with respective 95% confidence intervals; alpha=5% was adopted. In that year, 591 hospitalizations were evaluated, with a daily average of 1.61 (SD=1.49), the PM2.5 average concentration was 15.7 µg/m3, and the CO average concentration was 144.2 ppb. Significant associations between exposure to these contaminants and hospitalizations in lags 3 and 4 in 2012 were observed. There was a hospitalization risk increase of 31.8%, with an increase of 3.5 µg/m3 of PM2.5 concentrations and an increase of 188 in the total number of hospitalizations, with an expense of more than ≈US$ 96,000 for the Brazilian Public Health System. This study provided information on the cost of air pollution to the health system and the feasibility of using a mathematical model to estimate environmental concentration of air pollutants.",https://pubmed.ncbi.nlm.nih.gov/30698228/,INCLUDE,HIGH,"ESTUDO-MP2,5-TIME SERIES-HOSPITAL-IC 95%-INGLÊS",0
LBL-040,41337816,10.1016/j.envint.2025.109955,2025,Environment international,Using generalized random forests to characterize vulnerability to adverse health outcomes following wildfire smoke exposure in California.,"BACKGROUND: As the health burden attributable to wildfire activity increases under climate change, it is crucial to determine which subgroups face heightened vulnerability to wildfire smoke. Marginalized communities may experience disproportionate risk from overlapping individual and community vulnerability factors. We leverage recent developments in machine learning methods for high-dimensional settings to construct detailed profiles of California communities disproportionately impacted by wildfire smoke across 27 potential effect modifiers. METHODS: We used daily 2006-2019 data on hospital admissions and emergency department (ED) visits for cardio-respiratory diseases in California. We applied a time-stratified case-crossover study design to analyze the effect of wildfire-specific fine particulate matter (PM2.5) on cardio-respiratory diseases. Then, we investigated heterogeneous effects using a generalized random forest approach, which can handle a large set of individual-level (age, sex, race/ethnicity) and area-level (e.g., poverty level, racial/ethnic segregation) factors to construct vulnerability profiles for each Air Basin, representing areas with similar meteorological and geographic conditions. RESULTS: A 10 µg/m3 increase in wildfire PM2.5 concentration (2-day moving average) was associated with an increased risk of hospital admissions and ED visits related to respiratory diseases (OR = 1.014, 95 % confidence interval = 1.012-1.016). No association was found for cardiovascular diseases. Associations between exposure to wildfire PM2.5 and respiratory diseases varied strongly by individual- (age, sex, race/ethnicity) and area-level factors (such as A/C prevalence, Black/White dissimilarity index). The importance of these effect modifiers, and vulnerability profiles, changed across Air Basins. CONCLUSIONS: Machine learning can characterize the complex heterogeneity in wildfire smoke-related health impacts.",https://pubmed.ncbi.nlm.nih.gov/41337816/,INCLUDE,HIGH,"ESTUDO-MP2,5-CASE CROSSOVER-CARDIORESPIRATÓRIO-IC 95% OR-INGLÊS",0
LBL-041,37137261,10.1016/j.ecoenv.2023.114961,2023,Ecotoxicology and environmental safety,Short-term associations of low-level fine particulate matter (PM,"There have been few studies in non-western countries on the relationship between low levels of daily fine particulate matter (PM2.5) exposure and morbidity or mortality, and the impact of PM2.5 concentrations below 15 μg/m3, which is the latest World Health Organization Air Quality Guideline (WHO AQG) value for the 24-h mean, is not yet clear. We assessed the associations between low-level PM2.5 exposure and cardiorespiratory admissions in Japan. We collected the daily hospital admission count data, air pollutant data, and meteorological condition data recorded from April 2016 to March 2019 in 139 Japanese cities. City-specific estimates were obtained from conditional logistic regression models in a time-stratified case-crossover design and pooled by random-effect models. We estimated that every 10-μg/m3 increase in the concurrent-day PM2.5 concentration was related to a 0.52% increase in cardiovascular admissions (95% CI: 0.13-0.92%) and a 1.74% increase in respiratory admissions (95% CI: 1.41-2.07%). These values were nearly the same when the datasets were filtered to contain only daily PM2.5 concentrations <15 μg/m3. The exposure-response curves showed approximately sublinear-to-linear curves with no indication of thresholds. These associations with cardiovascular diseases weakened after adjusting for nitrogen dioxide or sulfur dioxide, but associations with respiratory diseases were almost unchanged when additionally adjusted for other pollutants. This study demonstrated that associations between daily PM2.5 and daily cardiorespiratory hospitalizations might persist at low concentrations, including those below the latest WHO AQG value. Our findings suggest that the updated guideline value may still be insufficient from the perspective of public health.",https://pubmed.ncbi.nlm.nih.gov/37137261/,INCLUDE,HIGH,"ESTUDO-MP2,5-CASE CROSSOVER-CARDIORESPIRATÓRIO-IC 95%-INGLÊS",0
LBL-042,31753527,10.1016/j.ijheh.2019.11.001,2020,International journal of hygiene and environmental health,Short-term effects of ambient PM,"BACKGROUND: Ambient PM1 (particulate matter with aerodynamic diameter ≤1 μm) is an important contribution of PM2.5 mass. However, little is known worldwide regarding the PM1-associated health effects due to a wide lack of ground-based PM1 measurements from air monitoring stations. METHODS: We collected daily records of hospital admission for respiratory diseases and station-based measurements of air pollution and weather conditions in Shenzhen, China, 2015-2016. Time-stratified case-crossover design and conditional logistic regression models were adopted to estimate hospitalization risks associated with short-term exposures to PM1 and PM2.5. RESULTS: PM1 and PM2.5 showed significant adverse effects on respiratory disease hospitalizations, while no evident associations with PM1-2.5 were identified. Admission risks for total respiratory diseases were 1.09 (95% confidence interval: 1.04 to 1.14) and 1.06 (1.02 to 1.10), corresponding to per 10 μg/m3 rise in exposure to PM1 and PM2.5 at lag 0-2 days, respectively. Both PM1 and PM2.5 were strongly associated with increased admission for pneumonia and chronic obstructive pulmonary diseases, but exhibited no effects on asthma and upper respiratory tract infection. Largely comparable risk estimates were observed between male and female patients. Groups aged 0-14 years and 45-74 years were significantly affected by PM1- and PM2.5-associated risks. PM-hospitalization associations exhibited a clear seasonal pattern, with significantly larger risks in cold season than those in warm season among some subgroups. CONCLUSIONS: Our study suggested that PM1 rather than PM1-2.5 contributed to PM2.5-induced risks of hospitalization for respiratory diseases and effects of PM1 and PM2.5 mainly occurred in cold season.",https://pubmed.ncbi.nlm.nih.gov/31753527/,INCLUDE,HIGH,"ESTUDO-MP2,5-CASE CROSSOVER-RESPIRATÓRIO-IC 95%-INGLÊS",0
LBL-043,35703601,10.11606/s1518-8787.2022056004324,2022,Revista de saude publica,"Ambient air pollutants relate to hospital admissions for chronic obstructive pulmonary disease in Ganzhou, China.","OBJECTIVE: To evaluate the relationship between ambient air pollutants and chronic obstructive pulmonary disease in relatively low-polluted areas in China. METHODS: Atmospheric pollutants levels and meteorological data were obtained from January 2016 to December 2020. The medical database including daily hospital admissions for chronic obstructive pulmonary disease (ICD10: J44) was derived from the First Affiliated Hospital of Gannan Medical University. The generalized additive model was used to analyze the percentage change with 95% confidence interval in daily hospital admissions for chronic obstructive pulmonary disease associated with a 10 µg/m3 increase in atmospheric pollutants levels. RESULTS: In total, occurred 4,980 chronic obstructive pulmonary disease hospital admissions (not including emergency department visits) during 2016-2020. The mean concentrations of daily PM2.5, PM10, SO2, NO2, O3, and CO were 37.5 μg/m3, 60.1 μg/m3, 18.7 μg/m3, 23.5 μg/m3, 70.0 μg/m3, and 1.2 mg/m3 in Ganzhou. Each 10 µg/m3 increment of PM2.5, PM10, NO2, and O3 were significantly associated with 2.8% (95%CI: 1.0-4.7), 1.3% (95%CI: 0.3-2.4), 2.8% (95%CI: 0.4-5.4), and 1.5% (95%CI: 0.2-2.7) elevation in daily chronic obstructive pulmonary disease hospital admissions. The estimates of delayed effects of PM2.5, PM10, NO2, and O3 were observed at lag6, lag6, lag8, lag1, respectively. The health effects of particulate pollutants (PM2.5 and PM10) may be independent of other pollutants. The adverse effects of air pollutants were more evident in the warm season (May-Oct) than in the cold season (Nov-Apr). CONCLUSION: Our study demonstrated that elevated concentrations of atmospheric pollutant (PM2.5, PM10, NO2, and O3), especially particulate pollutants, can be associated with increased daily count of hospital admissions for chronic obstructive pulmonary disease , which may promote further understanding of the potential hazards of relatively low levels of air pollution on chronic obstructive pulmonary disease and other respiratory disorders.",https://pubmed.ncbi.nlm.nih.gov/35703601/,INCLUDE,HIGH,"ESTUDO-MP2,5-TIME SERIES-DPOC-IC 95%-INGLÊS",0
LBL-044,37357089,10.1016/j.ebiom.2023.104668,2023,EBioMedicine,Gaps and future directions in research on health effects of air pollution.,"Despite progress in many countries, air pollution, and especially fine particulate matter air pollution (PM2.5) remains a global health threat: over 6 million premature cardiovascular and respiratory deaths/yr. have been attributed to household and outdoor air pollution. In this viewpoint, we identify present gaps in air pollution monitoring and regulation, and how they could be strengthened in future mitigation policies to more optimally reduce health impacts. We conclude that there is a need to move beyond simply regulating PM2.5 particulate matter mass concentrations at central site stations. A greater emphasis is needed on: new portable and affordable technologies to measure personal exposures to particle mass; the consideration of a submicron (PM1) mass air quality standard; and further evaluations of effects by particle composition and source. We emphasize the need to enable further studies on exposure-health relationships in underserved populations that are disproportionately impacted by air pollution, but not sufficiently represented in current studies.",https://pubmed.ncbi.nlm.nih.gov/37357089/,EXCLUDE,HIGH,VIEWPOINT,1
LBL-045,35074347,10.1016/j.envres.2022.112754,2022,Environmental research,"Nonlinear effect of air pollution on adult pneumonia hospital visits in the coastal city of Qingdao, China: A time-series analysis.","Many studies have illustrated adverse effects of short-term exposure to air pollution on human health, which usually assumes a linear exposure-response (E-R) function in the delineation of health effects due to air pollution. However, nonlinearity may exist in the association between air pollutant concentrations and health outcomes such as adult pneumonia hospital visits, and there is a research gap in understanding the nonlinearity. Here, we utilized both the distributed lag model (DLM) and nonlinear model (DLNM) to compare the linear and nonlinear impacts of air pollution on adult pneumonia hospital visits in the coastal city of Qingdao, China. While both models show adverse effects of air pollutants on adult pneumonia hospital visits, the DLNM shows an attenuation of E-R curves at high concentrations. Moreover, the DLNM may reveal delayed health effects that may be missed in the DLM, e.g., ozone exposure and pneumonia hospital visits. With the stratified analysis of air pollutants on adult pneumonia hospital visits, both models consistently reveal that the influence of air pollutants is higher during the cold season than during the warm season. Nevertheless, they may behave differently in terms of other subgroups, such as age, gender and visit types. For instance, while no significant impact due to PM2.5 in any of the subgroups abovementioned emerges based on DLM, the results from DLNM indicate statistically significant impacts for the subgroups of elderly, female and emergency department (ED) visits. With respect to adjustment by two-pollutants, PM10 effect estimates for pneumonia hospital visits were the most robust in both DLM and DLNM, followed by NO2 and SO2 based on the DLNM. Considering the estimated health effects of air pollution relying on the assumed E-R functions, our results demonstrate that the traditional linear association assumptions may overlook some potential health risks.",https://pubmed.ncbi.nlm.nih.gov/35074347/,EXCLUDE,MEDIUM,SEM IC 95%,5
LBL-046,39633418,10.1186/s41043-024-00683-4,2024,"Journal of health, population, and nutrition",Short-term effects of air pollutants on hospitalization for childhood respiratory diseases in Suzhou City: a time-stratified case-crossover study.,"BACKGROUND: Short-term exposure to air pollution has been demonstrated in previous studies to correlate with respiratory disease (RD) in children. Due to regional heterogeneity, our objective was to explore the correlation between short-term exposure to ambient air pollution and hospital admissions for respiratory ailments in children in Suzhou City from January 1, 2017, to December 31, 2022, alongside assessing the influence of the COVID-19 pandemic on this relationship. METHODS: We collected data on air pollutant levels and hospital admissions for childhood respiratory disease (RD) in Suzhou, China, from 2017 to 2022. We utilized a time-stratified case-crossover design along with a conditional logistic regression model to assess the short-term impacts of air pollutants on RD in children through stratified analysis and sensitivity analysis. RESULTS: A total of 13,408 children with respiratory diseases were included in the study. The findings revealed significant associations between hospitalization for respiratory diseases in children and exposure to PM2.5, PM10, SO2, NO2, and CO. The maximum effect values (95%CI, best lag days) for each 10 µg/m3 increase in the concentrations of PM2.5, PM10, SO2, and NO2 were as follows: 1.017 (1.003-1.031, lag0-2), 1.015 (1.004-1.026, lag0-2), 1.117 (1.001-1.247, lag0-1), and 1.036 (1.009-1.064, lag0-7). Additionally, the maximum effect value (95%CI, best lag days) for each 1 mg/m3 increase in CO concentration was found to be 1.267 1.017-1.579, lag0-7). Stratified analysis indicated that sex, season of admission, and stage of admission did not modify these correlations significantly; however, differential effects on various age groups and sexes were primarily observed among school-age and older children as well as boys. CONCLUSIONS: The short-term exposure to PM2.5, PM10, SO2, NO2, and CO in Suzhou, China, exhibited a positive correlation with RD hospitalization. Prior to the COVID-19 pandemic, the adverse impacts of air pollutants on hospitalizations for childhood respiratory disease were mitigated compared to the period following the pandemic. Local governments should continue promoting decisions and measures for air pollution prevention and control to reduce further pollutant concentration, which is crucial for public health in reducing the burden of childhood respiratory diseases.",https://pubmed.ncbi.nlm.nih.gov/39633418/,INCLUDE,HIGH,"ESTUDO-MP2,5-CASE CROSSOVER-RESPIRATÓRIO-IC 95%-INGLÊS",0
LBL-047,25776011,10.1093/aje/kwu305,2015,American journal of epidemiology,Ensemble-based source apportionment of fine particulate matter and emergency department visits for pediatric asthma.,"Epidemiologic studies utilizing source apportionment (SA) of fine particulate matter have shown that particles from certain sources might be more detrimental to health than others; however, it is difficult to quantify the uncertainty associated with a given SA approach. In the present study, we examined associations between source contributions of fine particulate matter and emergency department visits for pediatric asthma in Atlanta, Georgia (2002-2010) using a novel ensemble-based SA technique. Six daily source contributions from 4 SA approaches were combined into an ensemble source contribution. To better account for exposure uncertainty, 10 source profiles were sampled from their posterior distributions, resulting in 10 time series with daily SA concentrations. For each of these time series, Poisson generalized linear models with varying lag structures were used to estimate the health associations for the 6 sources. The rate ratios for the source-specific health associations from the 10 imputed source contribution time series were combined, resulting in health associations with inflated confidence intervals to better account for exposure uncertainty. Adverse associations with pediatric asthma were observed for 8-day exposure to particles generated from diesel-fueled vehicles (rate ratio = 1.06, 95% confidence interval: 1.01, 1.10) and gasoline-fueled vehicles (rate ratio = 1.10, 95% confidence interval: 1.04, 1.17).",https://pubmed.ncbi.nlm.nih.gov/25776011/,INCLUDE,HIGH,"ESTUDO-MP2,5-TIME SERIES-ASMA-IC 95% RR-INGLÊS",0
LBL-048,41325786,10.1016/j.envres.2025.123453,2026,Environmental research,Wildfire-sourced PM,"Wildfires-sourced (WS) fine particulate matter (PM2.5) is known to adversely impact human health, while evidence regarding the burden of emergency department (ED) visits attributable to WS-PM2.5 at the local community level remains limited. This study used a time-series design, utilizing daily cases of ED visits and gridded WS-PM2.5 concentrations, estimated by a chemical transport model and machine learning techniques, in each statistical area level 2 (SA2) in Victoria State, Australia from Jan 1, 2014 to Dec 31, 2019. A two-stage time series model was employed to assess the association between daily mean WS-PM2.5 concentration and ED visits. Health and economic burden of WS-PM2.5-related ED visits was quantified. We found that for each 1 μg/m3 increment in WS-PM2.5, the risk of ED visits for all-cause, cardiovascular and respiratory diseases increased by 0.27 % (95 % confidence interval: 0.22 %, 0.31 %), 0.45 % (0.23 %, 0.67 %) and 0.47 % (0.30 %, 0.64 %), respectively. The associations of daily ED visits with WS-PM2.5 exposure showed higher risk in the south-eastern part. Subgroup results suggested that more pronounced effects were found in population residing in urban communities than those in rural communities. The total cost of ED visits attributable to WS-PM2.5 was A$145.49 (120.24, 170.24) million, with A$17.09 (8.97, 24.65) million and A$17.74 (11.66, 23.56) million due to cardiovascular and respiratory diseases, respectively. Overall, short-term exposure to WS-PM2.5 was significantly associated with increased risks for cause-specific ED visits, with varied health burden of WS-PM2.5 related ED visits in SA2 communities.",https://pubmed.ncbi.nlm.nih.gov/41325786/,INCLUDE,HIGH,"ESTUDO-MP2,5-TIME SERIES-ED-IC 95%-INGLES",0
LBL-049,33590391,10.1007/s11356-021-12655-w,2021,Environmental science and pollution research international,Assessing PM,"Existing PM2.5-morbidity studies using daily mean concentration as exposure metric may fail to capture intra-day variations of PM2.5 concentrations, resulting in underestimated health impacts to some extent. This study introduced a novel indicator, daily excessive concentration hours (DECH), defined as sums of per-hourly excessive concentrations of PM2.5 against a specific threshold within a day. PM2.5 DECHs were separately calculated as daily concentration-hours >8, 10, 15, 20, and 25 μg/m3 (abbreviations: DECH-8, DECH-10, DECH-15, DECH-20, and DECH-25). We adopted a time-stratified case-crossover design with conditional logistic regression models to compare risks of hospitalizations for chronic obstructive pulmonary disease (COPD) associated with PM2.5 mean and DECHs in Shenzhen, China. We observed highly comparable PM2.5-COPD associations using exposure metrics of daily mean and DECHs with above-defined thresholds. For instance, PM2.5 mean and DECHs showed similar increases in risks of COPD hospitalization for an interquartile range rise in exposure, with odds ratio estimates of 1.26 (95% confidence interval: 1.06-1.50) for PM2.5 mean, 1.24 (1.05-1.46) for DECH-10 and 1.21 (1.06-1.39) for DECH-25, respectively. Findings remained robust after further adjusting for gaseous pollutants (e.g., SO2, NO2, CO, and O3) and meteorologic factors (e.g., wind speed and air pressure). Our study strengthened the evidence that DECHs could come be as a novel exposure metric in health risk assessments associated with short-term exposure to ambient PM2.5.",https://pubmed.ncbi.nlm.nih.gov/33590391/,INCLUDE,HIGH,"ESTUDO-MP2,5-CASE CROSSOVER-DPOC-IC 95% OR-INGLÊS",0
LBL-050,40383471,10.1016/j.envpol.2025.126476,2025,"Environmental pollution (Barking, Essex : 1987)",Association between ambient fine particulate matter constituents and mortality and morbidity of cardiovascular and respiratory diseases: A systematic review and meta-analysis.,"Existing studies have explored the associations between short-term or long-term exposures to PM2.5 constituents and mortality and morbidity outcomes related to all-causes, natural causes and the cardiopulmonary system, but the results are still inconclusive. To explore the associations between short-term and long-term exposures to ambient PM2.5 constituents with mortality and morbidity outcomes of all-cause, natural, cardiovascular and respiratory diseases. We comprehensively searched PubMed, Embase, Web of Science and Scopus electronic databases to identify studies until 28, August 2023. We estimated the pooled relative risk (RR) with 95 % confidence interval (CI) using random-effect models. Then we explored potential sources of heterogeneity across different studies by subgroup and meta-regression analysis. A total of 67 articles were included in the meta-analysis. We found that short-term exposures to PM2.5 carbon-containing constituents (black carbon and organic carbon) and metal iron showed the most consistent associations with the eight health outcomes among different PM2.5 constituents. Meanwhile, only long-term exposures to nitrate ions and silicon in PM2.5 showed significant positive associations with cardiovascular and natural mortality outcomes. Additionally, subgroup and meta-regression analyses highlight that geographical region and age group are primary sources of heterogeneity. The current meta-analysis reveals potential key PM2.5 constituents associated with elevated risk of mortality and morbidity of cardiovascular and respiratory diseases. Thus, greater attention should be directed toward establishing exposure limits for specific PM2.5 constituents to protect public health and alleviate the associated burden of diseases.",https://pubmed.ncbi.nlm.nih.gov/40383471/,EXCLUDE,HIGH,SYSTEMATIC REVIEW E META ANALYSIS,1
LBL-051,22266709,10.1289/ehp.1104002,2012,Environmental health perspectives,Effects of coarse particulate matter on emergency hospital admissions for respiratory diseases: a time-series analysis in Hong Kong.,"BACKGROUND: Many epidemiological studies have linked daily counts of hospital admissions to particulate matter (PM) with an aerodynamic diameter ≤ 10 μm (PM10) and ≤ 2.5 μm (PM2.5), but relatively few have investigated the relationship of hospital admissions with coarse PM (PMc; 2.5-10 μm aerodynamic diameter). OBJECTIVES: We conducted this study to estimate the health effects of PMc on emergency hospital admissions for respiratory diseases in Hong Kong after controlling for PM2.5 and gaseous pollutants. METHODS: We conducted a time-series analysis of associations between daily emergency hospital admissions for respiratory diseases in Hong Kong from January 2000 to December 2005 and daily PM2.5 and PMc concentrations. We estimated PMc concentrations by subtracting PM2.5 from PM10 measurements. We used generalized additive models to examine the relationship between PMc (single- and multiday lagged exposures) and hospital admissions adjusted for time trends, weather conditions, influenza outbreaks, PM2.5, and gaseous pollutants (nitrogen dioxide, sulfur dioxide, and ozone). RESULTS: A 10.9-μg/m(3) (interquartile range) increase in the 4-day moving average concentration of PMc was associated with a 1.94% (95% confidence interval: 1.24%, 2.64%) increase in emergency hospital admissions for respiratory diseases that was attenuated but still significant after controlling for PM2.5. Adjusting for gaseous pollutants and altering models assumptions had little influence on PMc effect estimates. CONCLUSION: PMc was associated with emergency hospital admissions for respiratory diseases in Hong Kong independent of PM2.5 and gaseous pollutants. Further research is needed to evaluate health effects of different components of PMc.",https://pubmed.ncbi.nlm.nih.gov/22266709/,UNCERTAIN,MEDIUM,"USA MP2,5 MAS NAO MEDE",2
LBL-052,28988023,10.1016/j.envint.2017.09.010,2017,Environment international,Acute effects of fine particulate matter constituents on mortality: A systematic review and meta-regression analysis.,"BACKGROUND: The link between PM2.5 exposure and adverse health outcomes is well documented from studies across the world. However, the reported effect estimates vary across studies, locations and constituents. We aimed to conduct a meta-analysis on associations between short-term exposure to PM2.5 constituents and mortality using city-specific estimates, and explore factors that may explain some of the observed heterogeneity. METHODS: We systematically reviewed epidemiological studies on particle constituents and mortality using PubMed and Web of Science databases up to July 2015.We included studies that examined the association between short-term exposure to PM2.5 constituents and all-cause, cardiovascular, and respiratory mortality, in the general adult population. Each study was summarized based on pre-specified study key parameters (e.g., location, time period, population, diagnostic classification standard), and we evaluated the risk of bias using the Office of Health Assessment and Translation (OHAT) Method for each included study. We extracted city-specific mortality risk estimates for each constituent and cause of mortality. For multi-city studies, we requested the city-specific risk estimates from the authors unless reported in the article. We performed random effects meta-analyses using city-specific estimates, and examined whether the effects vary across regions and city characteristics (PM2.5 concentration levels, air temperature, elevation, vegetation, size of elderly population, population density, and baseline mortality). RESULTS: We found a 0.89% (95% CI: 0.68, 1.10%) increase in all-cause, a 0.80% (95% CI: 0.41, 1.20%) increase in cardiovascular, and a 1.10% (95% CI: 0.59, 1.62%) increase in respiratory mortality per 10μg/m3 increase in PM2.5. Accounting for the downward bias induced by studies of single days, the all-cause mortality estimate increased to 1.01% (95% CI: 0.81, 1.20%). We found significant associations between mortality and several PM2.5 constituents. The most consistent and stronger associations were observed for elemental carbon (EC) and potassium (K). For most of the constituents, we observed high variability of effect estimates across cities. CONCLUSIONS: Our meta-analysis suggests that (a) combustion elements such as EC and K have a stronger association with mortality, (b) single lag studies underestimate effects, and (c) estimates of PM2.5 and constituents differ across regions. Accounting for PM mass in constituent's health models may lead to more stable and comparable effect estimates across different studies. SYSTEMATIC REVIEW REGISTRATION: PROSPERO: CRD42017055765.",https://pubmed.ncbi.nlm.nih.gov/28988023/,EXCLUDE,HIGH,SYSTEMATIC REVIEW E META REGRESSION ANALYSIS,1
LBL-053,28255648,10.1007/s00038-017-0960-y,2017,International journal of public health,Short-term effects of fine particulate matter pollution on daily health events in Latin America: a systematic review and meta-analysis.,"OBJECTIVES: Ambient air pollution is among the leading risks for health worldwide and by 2050 will largely overcome deaths due to unsafe sanitation and malaria, but local evidence from Latin America (LA) is scarce. We aimed to summarize the effect of short-term exposure to fine particulate air pollution (PM2.5) on morbidity and mortality in Latin America and evaluate evidence coverage and quality, using systematic review and meta-analysis. METHODS: The comprehensive search (six online databases and hand-searching) identified studies investigating the short-term associations between PM2.5 and daily health events in LA. Two reviewers independently accessed the internal validity of the studies and used random-effect models in the meta-analysis. RESULTS: We retrieved 1628 studies. Nine were elected for the qualitative analysis and seven for the quantitative analyses. Each 10 µg/m3 increments in daily PM2.5 concentrations was significantly associated with increased risk for respiratory and cardiovascular mortality in all-ages (polled RR = 1.02, 95% CI, 1.02-1.02 and RR = 1.01, 95% CI , 1.01-1.02, respectively). CONCLUSIONS: Short-term exposure to PM2.5 in LA is significantly associated with increased risk for respiratory and cardiovascular mortality. Evidence is concentrated in few cities and some presented high risk of bias.",https://pubmed.ncbi.nlm.nih.gov/28255648/,EXCLUDE,HIGH,SYSTEMATIC REVIEW E META ANALYSIS,1
LBL-054,36777770,10.3389/fpubh.2022.1017105,2022,Frontiers in public health,"Associations between air pollutant and pneumonia and asthma requiring hospitalization among children aged under 5 years in Ningbo, 2015-2017.","INTRODUCTION: Exposure to ambient air pollutants is associated with an increased incidence of respiratory diseases such as pneumonia and asthma, especially in younger children. We investigated the relationship between rates of hospitalization of children aged under 5 years for pneumonia and asthma and the concentration of air pollutants in Ningbo between January 1, 2015 and August 29, 2017. METHODS: Data were obtained from the Ningbo Air Quality Data Real-time Publishing System and the big data platform of the Ningbo Health Information Center. A generalized additive model was established via logarithmic link function and utilized to evaluate the effect of pollutant concentration on lag dimension and perform sensitivity analysis. RESULTS: A total of 10,301 cases of pneumonia and 115 cases of asthma were identified over the course of this study. Results revealed that PM2.5, PM10, SO2 and NO2 were significantly associated with hospitalization for pneumonia and asthma in children under 5 years of age. For every 10-unit increase in lag03 air pollutant concentration, hospitalization for pneumonia and asthma due to PM2.5, PM10, SO2 and NO2 increased by 2.22% (95%CI: 0.64%, 3.82%), 1.94% (95%CI: 0.85%, 3.04%), 11.21% (95%CI: 4.70%, 18.10%) and 5.42% (95%CI: 3.07%, 7.82%), respectively. DISCUSSION: Adverse effects of air pollutants were found to be more severe in children aged 1 to 5 years and adverse effects due to PM2.5, PM10 and SO2 were found to be more severe in girls. Our findings underscore the need for implementation of effective public health measures to urgently improve air quality and reduce pediatric hospitalizations due to respiratory illness.",https://pubmed.ncbi.nlm.nih.gov/36777770/,INCLUDE,HIGH,"ESTUDO-MP2,5-TIME SERIES-ASMA E PNEUMONIA-IC 95%-INGLÊS",0
LBL-055,39578775,10.1186/s12889-024-20693-5,2024,BMC public health,Association of exposure to air pollutants and risk of mortality among people living with HIV: a systematic review.,"BACKGROUND: People living with HIV (PLWH) are more vulnerable to infectious and non-infectious comorbidities due to chronic inflammation and immune dysfunction. Air pollution is a major global health risk, contributing to millions of deaths annually, primarily from cardiovascular and respiratory diseases. However, the link between air pollution and mortality risk in PLWH is underexplored. This systematic review assesses the association between exposure to pollutants such as particulate matter (PM), nitrogen dioxide (NO2), sulfur dioxide (SO2), ozone (O3), and carbon monoxide (CO) and mortality risk in PLWH. METHODS: A systematic search of PubMed, Web of Science, and Embase was conducted for studies published up to August 2024. Eligibility criteria included cohort, case-control, and cross-sectional studies assessing air pollution exposure and mortality in PLWH. Nested-Knowledge software was used for screening and data extraction. The Newcastle-Ottawa Scale was applied for quality assessment. A narrative approach and tabular summarization were used for data synthesis and presentation. RESULTS: Nine studies, mostly from China, demonstrated a significant association between long-term exposure to PM1, PM2.5, and PM10 and increased risks of AIDS-related and all-cause mortality in PLWH. Hazard ratios for mortality increased by 2.38-5.13% per unit increase in PM concentrations, with older adults (> 60), females, and those with lower CD4 counts (< 500 cells/µL) being more vulnerable. Short-term exposure to ozone and sulfur dioxide also increased mortality risks, particularly during the warm season and in older populations. Specific pollutants like ammonium (NH4⁺) and sulfate (SO4²⁻) had the strongest links to elevated mortality. CONCLUSION: Air pollution, especially fine particulate matter and ozone, is associated with a higher risk of mortality in PLWH. Targeted interventions to reduce pollution exposure in vulnerable subgroups are crucial. Further research is needed to confirm these findings in diverse regions and develop effective mitigation strategies.",https://pubmed.ncbi.nlm.nih.gov/39578775/,EXCLUDE,HIGH,SYSTEMATIC REVIEW,1
LBL-056,26522821,10.1016/j.rpped.2015.06.009,2016,Revista paulista de pediatria : orgao oficial da Sociedade de Pediatria de Sao Paulo,[Fine particulate matter estimated by mathematical model and hospitalizations for pneumonia and asthma in children].,"OBJECTIVE:: To estimate the association between exposure to fine particulate matter with an aerodynamic diameter <2.5 microns (PM2.5) and hospitalizations for pneumonia and asthma in children. METHODS:: An ecological study of time series was performed, with daily indicators of hospitalization for pneumonia and asthma in children up to 10 years of age, living in Taubaté (SP) and estimated concentrations of PM2.5, between August 2011 and July 2012. A generalized additive model of Poisson regression was used to estimate the relative risk, with lag zero up to five days after exposure; the single pollutant model was adjusted by the apparent temperature, as defined from the temperature and relative air humidity, seasonality and weekday. RESULTS:: The values of the relative risks for hospitalization for pneumonia and asthma were significant for lag 0 (RR=1.051, 95%CI; 1.016 to 1.088); lag 2 (RR=1.066, 95%CI: 1.023 to 1.113); lag 3 (RR=1.053, 95%CI: 1.015 to 1.092); lag 4 (RR=1.043, 95%CI: 1.004 to 1.088) and lag 5 (RR=1.061, 95%CI: 1.018 to 1.106). The increase of 5mcg/m3 in PM2.5 contributes to increase the relative risk for hospitalization from 20.3 to 38.4 percentage points; however, the reduction of 5µg/m3 in PM2.5 concentration results in 38 fewer hospital admissions. CONCLUSIONS:: Exposure to PM2.5 was associated with hospitalizations for pneumonia and asthma in children younger than 10 years of age, showing the role of fine particulate matter in child health and providing subsidies for the implementation of preventive measures to decrease these outcomes. OBJECTIVE: To estimate the association between exposure to fine particulate matter with an aerodynamic diameter <2.5 microns (PM2.5) and hospitalizations for pneumonia and asthma in children. METHODS: An ecological study of time series was performed, with daily indicators of hospitalization for pneumonia and asthma in children up to 10 years of age, living in Taubaté (SP) and estimated concentrations of PM2.5, between August 2011 and July 2012. A generalized additive model of Poisson regression was used to estimate the relative risk, with lag zero up to five days after exposure; the single pollutant model was adjusted by the apparent temperature, as defined from the temperature and relative air humidity, seasonality and weekday. RESULTS: The values of the relative risks for hospitalization for pneumonia and asthma were significant for lag 0 (RR=1.051, 95%CI; 1.016 to 1.088); lag 2 (RR=1.066, 95%CI: 1.023 to 1.113); lag 3 (RR=1.053, 95%CI: 1.015 to 1.092); lag 4 (RR=1.043, 95%CI: 1.004 to 1.088) and lag 5 (RR=1.061, 95%CI: 1.018 to 1.106). The increase of 5mcg/m(3) in PM2.5 contributes to increase the relative risk for hospitalization from 20.3 to 38.4 percentage points; however, the reduction of 5μg/m(3) in PM2.5 concentration results in 38 fewer hospital admissions. CONCLUSIONS: Exposure to PM2.5 was associated with hospitalizations for pneumonia and asthma in children younger than 10 years of age, showing the role of fine particulate matter in child health and providing subsidies for the implementation of preventive measures to decrease these outcomes.",https://pubmed.ncbi.nlm.nih.gov/26522821/,EXCLUDE,HIGH,NAO É EM INGLÊS,6
LBL-057,29177960,10.1007/978-981-10-5657-4_5,2017,Advances in experimental medicine and biology,Air Pollution and Mortality in China.,"Ambient air pollution has been an important environmental issue in most areas of China. This chapter summarized the mortality effects of short-term and long-term exposures to various air pollutants among Chinese population. The literature review identified sufficient information to support significant short-term mortality effects of various air pollutants from time series analyses and case-crossover studies, such as PM10, PM2.5, SO2, NO2, and O3. On the other hand, though the literature review suggested a positive effect of long-term exposure to air pollution on mortality and lung cancer risk, the evidence has been limited among Chinese population, indicating that more studies, especially cohort studies, are warranted.",https://pubmed.ncbi.nlm.nih.gov/29177960/,EXCLUDE,HIGH,REVIEW E MORTALIDADE,"1,3"
LBL-058,25460637,10.1016/j.envres.2014.06.029,2015,Environmental research,Systematic review and meta-analysis of the adverse health effects of ambient PM2.5 and PM10 pollution in the Chinese population.,"INTRODUCTION: As the largest developing country, China has some of the worst air quality in the world. Heavy smog in January 2013 led to unprecedented public concern about the health impact of exposure to particulate matter. Conducting health impact assessments of particulate matter has thus become an urgent task for public health practitioners. Combined estimates of the health effects of exposure to particulate matter from quantitative reviews could provide vital information for epidemiology-based health impact assessments, but estimates for the Chinese population are limited. METHODS: On December 31, 2013, we systematically searched the PubMed, Web of Science, and China National Knowledge Infrastructure databases using as keywords names of 127 major cities in Mainland China, Hong Kong, and Taiwan. From among the 1464 articles identified, 59 studies were manually screened. Random-effects or fixed-effects models were used to combine their risk estimates, the funnel plots with Egger test were performed to evaluate the publication bias and Meta regression were run to explore the association between exposure to particulate matter with aerodynamic diameters less than 10 and 2.5 µm (PM10 and PM2.5) and the resulting health effects by the Comprehensive Meta Analysis. RESULTS: In terms of short-term effects, the combined excess risks of total non-accidental mortality, mortality due to cardiovascular disease, and mortality due to respiratory disease were 0.36% (95% confidence interval [95%CI]: 0.26%, 0.46%), 0.36% (95%CI: 0.24%, 0.49%), and 0.42% (95%CI: 0.28%, 0.55%), for each 10 μg/m(3) increase in PM10. A 10 μg/m(3) increase in PM2.5 was associated with a 0.40% (95%CI: 0.22%, 0.59%) increase in total non-accidental mortality, a 0.63% (95%CI: 0.35%, 0.91%) increase in mortality due to cardiovascular disease, and a 0.75% (95%CI: 01.39%, 1.11%) increase in mortality due to respiratory disease. For constituent-specific mortality, increases of 0.40-3.11% were associated with an increase of 10 ng/m(3) for nickel in PM. The summary estimate ranges of hospital utilization were 0.08% ~ 0.72% and -0.58% ~ 1.32% for a 10 μg/m(3) increase in PM10 and PM2.5. In terms of long-term effects, a 10 μg/m(3) increase of PM10 corresponded to 23-67% increase in the risk of mortality. CONCLUSION: Short exposures to PM10 and PM2.5 are associated with increases in mortality, but evidence of constituent-associated health effects, long-term effects and morbidity in China is still inadequate.",https://pubmed.ncbi.nlm.nih.gov/25460637/,EXCLUDE,HIGH,SYSTEMATIC REVIEW E META ANALYSIS,1
LBL-059,37980997,10.1016/j.envres.2023.117633,2024,Environmental research,Effect of ambient air pollution on hospital admission for respiratory diseases in Hanoi children during 2007-2019.,"Air pollution poses a threat to children's respiratory health. This study aims to quantify the association between short-term air pollution exposure and respiratory hospital admissions among children in Hanoi, Vietnam, and estimate the population-attributable burden using local data. A case-crossover analysis was conducted based on the individual records where each case is their own control. The health data was obtained from 13 hospitals in Hanoi and air pollution data was collected from four monitoring stations from 2007 to 2019. We used conditional logistic regression to estimate Percentage Change (PC) and 95% Confidence Interval (CI) in odd of hospital admissions per 10 μg/m3 increase in daily average particulate matter (e.g. PM1, PM2.5, PM10), Sulfur Dioxide (SO2), Nitrogen Dioxide (NO2), 8-h maximum Ozone and per 1000 μg/m3 increase in daily mean of Carbon Monoxide (CO). We also calculated the number and fraction of admissions attributed to air pollution in Hanoi by using the coefficient at lag 0. A 10 μg/m3 increase in the concentration of PM10, PM2.5, PM1, SO2, NO2, O3 8-h maximum and 1000 μg/m3 increase in CO concentration was associated with 0.6%, 1.2%, 1.4%, 0.8%, 1.6%, 0.3%, and 1.7% increase in odd of admission for all respiratory diseases among children under 16 years at lag 0-2. All PM metrics and NO2 are associated with childhood admission for pneumonia and bronchitis. Admissions due to asthma and upper respiratory diseases are related to increments in NO2 and CO. For attributable cases, PM2.5 concentrations in Hanoi exceeding the World Health Organization Air Quality Guidelines accounted for 1619 respiratory hospital admissions in Hanoi children in 2019. Our findings show that air pollution has a detrimental impact on the respiratory health of Hanoi children and there will be important health benefits from improved air quality management planning to reduce air pollution in Vietnam.",https://pubmed.ncbi.nlm.nih.gov/37980997/,INCLUDE,HIGH,"ESTUDO-MP2,5-CASE CROSSOVER-HOSPITAL-IC 95%-INGLÊS",0
LBL-060,31452658,10.22122/arya.v15i3.1843,2019,ARYA atherosclerosis,Association between ambient air pollution and hospitalization caused by atrial fibrillation.,"BACKGROUND: Many studies have shown the worst effects of air pollution on cardiovascular diseases (CVDs). Present study focused on the relationship between atrial fibrillation (AF), as one of the common arrhythmias, and air pollutants in Isfahan, Iran, an industrial city in the Middle East. METHODS: A case-crossover design was used to explore the associations between air pollution and AF hospitalized patients with ventricular response (VR) > 90 beats per minute (bpm) (fast response) and those with VR ≤ 90 bpm. All patients' records were extracted from their hospital files. Air pollutants data including particulate matter less than 10 µ (PM10), PM2.5, carbon monoxide (CO), nitrogen dioxide (NO2), sulfur dioxide (SO2), and ozone (O3) were obtained from the Correlation of Air Pollution with Hospitalization and Mortality of Cardiovascular and Respiratory Diseases (CAPACITY) study. Conditional logistic regression test was used to measure the relationship between pollutants and hospitalization due to AF. RESULTS: Records of 369 patients, including 173 men (46.9%) who were hospitalized for AF during the study period and had complete data were extracted. Although a positive but not statistically significant relationship was shown between 10-unit increases in all pollutants (except PM10) and the hospitalization due to AF in patients with rapid VR (RVR), the only significant relationship was observed in case of NO2 [odds ratio (OR) = 1.26, 95% confidence interval (CI) = 1.0-2.1, P = 0.031]. CONCLUSION: This study showed positive significant relationships between NO2 and the hospitalization due to AF in patients with RVR. NO2 is a greenhouse gas whose levels are expected to increase due to global environmental changes. Therefore, relevant strategies should be adopted to decrease its levels, especially in industrial cities like Isfahan.",https://pubmed.ncbi.nlm.nih.gov/31452658/,EXCLUDE,HIGH,CARDIO,3
LBL-061,37352580,10.1016/j.envint.2023.108032,2023,Environment international,Impact of ultrafine particles and total particle number concentration on five cause-specific hospital admission endpoints in three German cities.,"INTRODUCTION: Numerous studies have shown associations between daily concentrations of fine particles (e.g., particulate matter with an aerodynamic diameter ≤2.5 µm; PM2.5) and morbidity. However, evidence for ultrafine particles (UFP; particles with an aerodynamic diameter of 10-100 nm) remains conflicting. Therefore, we aimed to examine the short-term associations of UFP with five cause-specific hospital admission endpoints for Leipzig, Dresden, and Augsburg, Germany. MATERIAL AND METHODS: We obtained daily counts of (cause-specific) cardiorespiratory hospital admissions between 2010 and 2017. Daily average concentrations of UFP, total particle number (PNC; 10-800 nm), and black carbon (BC) were measured at six sites; PM2.5 and nitrogen dioxide (NO2) were obtained from monitoring networks. We assessed immediate (lag 0-1), delayed (lag 2-4, lag 5-7), and cumulative (lag 0-7) effects by applying station-specific confounder-adjusted Poisson regression models. We then used a novel multi-level meta-analytical method to obtain pooled risk estimates. Finally, we performed two-pollutant models to investigate interdependencies between pollutants and examined possible effect modification by age, sex, and season. RESULTS: UFP showed a delayed (lag 2-4) increase in respiratory hospital admissions of 0.69% [95% confidence interval (CI): -0.28%; 1.67%]. For other hospital admission endpoints, we found only suggestive results. Larger particle size fractions, such as accumulation mode particles (particles with an aerodynamic diameter of 100-800 nm), generally showed stronger effects (respiratory hospital admissions & lag 2-4: 1.55% [95% CI: 0.86%; 2.25%]). PM2.5 showed the most consistent associations for (cardio-)respiratory hospital admissions, whereas NO2 did not show any associations. Two-pollutant models showed independent effects of PM2.5 and BC. Moreover, higher risks have been observed for children. CONCLUSIONS: We observed clear associations with PM2.5 but UFP or PNC did not show a clear association across different exposure windows and cause-specific hospital admissions. Further multi-center studies are needed using harmonized UFP measurements to draw definite conclusions on the health effects of UFP.",https://pubmed.ncbi.nlm.nih.gov/37352580/,INCLUDE,HIGH,"ESTUDO-MP2,5-TIME SERIES-CARDIORESPIRATÓRIO-IC 95%-INGLÊS",0
LBL-062,29283681,10.1513/AnnalsATS.201706-495OC,2018,Annals of the American Thoracic Society,Short-Term Air Pollution and Incident Pneumonia. A Case-Crossover Study.,"RATIONALE: The relationship between air pollution and pneumonia is poorly understood. OBJECTIVES: To examine relationships between short-term air pollution exposure and number and severity of pneumonia cases along the Wasatch Front in Utah, a region with periodic high levels of outdoor air pollution. METHODS: We applied time-stratified case-crossover analyses with distributed lag to patients presenting to seven emergency departments with pneumonia over a 2-year period. We compared levels of particulate matter less than or equal to 2.5 μm in aerodynamic diameter, nitrogen dioxide, and ozone at patient residences with emergency department cases, hospitalizations, objectively defined severe pneumonia, and mortality. We calculated direct cost impacts of particulate matter less than or equal to 2.5 μm in aerodynamic diameter reduction. RESULTS: We evaluated 4,336 pneumonia cases in seven hospitals. Among adults aged 65 years and older, we found consistently positive associations between particulate matter less than or equal to 2.5 μm in aerodynamic diameter within 6 days of presentation and instances of pneumonia (Lag Day 1 adjusted odds ratio, 1.35 per 10 μg/m3 over 12 μg/m3; 95% confidence interval, 1.16-1.57), severe pneumonia (Lag Day 1 adjusted odds ratio, 1.38; 95% confidence interval, 1.06-1.80), and inpatient mortality (Lag Day 5 adjusted odds ratio, 1.50; 95% confidence interval, 1.03-2.16). Smaller associations were found between nitrogen dioxide exposure and pneumonia occurrence, severity, and inpatient and 30-day mortality. Ozone exposure was modestly associated with increased instance and severity of pneumonia in younger adults. Particulate matter less than or equal to 2.5 μm in aerodynamic diameter and nitrogen dioxide effects were greatest in colder months, and ozone effects were greatest in warmer months. Reduction of particulate matter less than or equal to 2.5 μm in aerodynamic diameter levels to less than 12.0 mg/m3 could prevent 76-112 cases of pneumonia per year in these hospitals serving approximately half of the Wasatch Front's population, reducing direct medical facility costs by $807,000 annually. CONCLUSIONS: Among older adults, short-term ambient particulate matter less than or equal to 2.5 μm in aerodynamic diameter exposure is associated with more emergency department visits and hospitalizations for pneumonia, severe pneumonia, increased mortality, and increased healthcare costs. Nitrogen dioxide and ozone modestly increase pneumonia risk and illness severity.",https://pubmed.ncbi.nlm.nih.gov/29283681/,INCLUDE,HIGH,"ESTUDO-MP2,5-CASE CROSSOVER-PNEUMONIA-IC 95%-INGLÊS",0
LBL-063,25575028,10.1289/ehp.1307776,2015,Environmental health perspectives,"Fine particulate matter components and emergency department visits for cardiovascular and respiratory diseases in the St. Louis, Missouri-Illinois, metropolitan area.","BACKGROUND: Given that fine particulate matter (≤ 2.5 μm; PM2.5) is a mixture of multiple components, it has been of high interest to identify its specific health-relevant physical and/or chemical features. OBJECTIVES: We conducted a time-series study of PM2.5 and cardiorespiratory emergency department (ED) visits in the St. Louis, Missouri-Illinois metropolitan area, using 2 years of daily PM2.5 and PM2.5 component measurements (including ions, carbon, particle-phase organic compounds, and elements) made at the St. Louis-Midwest Supersite, a monitoring site of the U.S. Environmental Protection Agency Supersites ambient air monitoring research program. METHODS: Using Poisson generalized linear models, we assessed short-term associations between daily cardiorespiratory ED visit counts and daily levels of 24 selected pollutants. Associations were estimated for interquartile range changes in each pollutant. To allow comparison of relationships among multiple pollutants and outcomes with potentially different lag structures, we used 3-day unconstrained distributed lag models controlling for time trends and meteorology. RESULTS: Considering results of our primary models, as well as sensitivity analyses and models assessing co-pollutant confounding, we observed robust associations of cardiovascular disease visits with 17α(H),21β(H)-hopane and congestive heart failure visits with elemental carbon. We also observed a robust association of respiratory disease visits with ozone. For asthma/wheeze, associations were strongest with ozone and nitrogen dioxide; observed associations of asthma/wheeze with PM2.5 and its components were attenuated in two-pollutant models with these gases. Differential measurement error due to differential patterns of spatiotemporal variability may have influenced patterns of observed associations across pollutants. CONCLUSIONS: Our findings add to the growing field examining the health effects of PM2.5 components. Combustion-related components of the pollutant mix showed particularly strong associations with cardiorespiratory ED visit outcomes.",https://pubmed.ncbi.nlm.nih.gov/25575028/,EXCLUDE,HIGH,SEM IC 95%,5
LBL-064,34710436,10.1016/j.envres.2021.112271,2022,Environmental research,Do temporal trends of associations between short-term exposure to fine particulate matter (PM,"While associations between short-term exposure to fine particulate matter (PM2.5) and risk of hospitalization are well documented and evidence suggests that such associations change over time, it is unclear whether these temporal changes exist in understudied less-urban areas or differ by sub-population. We analyzed daily time-series data of 968 continental U.S. counties for 2000-2016, with cause-specific hospitalization from Medicare claims and population-weighted PM2.5 concentrations originally estimated at 1km × 1 km from a hybrid model. Circulatory and respiratory hospitalizations were categorized based on primary diagnosis codes at discharge. Using modified Bayesian hierarchical modelling, we evaluated the temporal trend in association between PM2.5 and hospitalizations and whether disparities in this trend exist across individual-level characteristics (e.g., sex, age, race, and Medicaid eligibility as a proxy for socio-economic status) and urbanicity. Urbanicity was categorized into three levels by county-specific percentage of urban population based on urban rural delineation from the U.S. Census. In this cohort with understudied less-urban areas without regulatory monitors, we still found positive association between circulatory and respiratory hospitalization and short-term exposure to PM2.5, with higher effect estimates towards the end of study period. Consistent with current literature, we identified significant disparity in associations by race, socioeconomic status and urbanicity. We found that the percentage change in circulatory hospitalization rate per 10 μg/m3 increase in PM2.5 was higher in the 2008-2016 time period compared to the 2000-2007 period by 0.33% (95% posterior credible interval 0.22, 0.44%), 0.52% (0.33, 0.69%), and 0.67% (0.53, 0.83%) for low, medium and high tertiles of urban areas, respectively. We also observed significant differences in temporal trends of associations across socioeconomic status, sex, and age, indicating a possible widening in disparity of PM2.5-related health burden. This study raises the importance of considering environmental justice issues in PM2.5-related health impacts with respect to how associations may change over time.",https://pubmed.ncbi.nlm.nih.gov/34710436/,INCLUDE,LOW,"ESTUDO-MP2,5-TIME SERIES MAS FALA COHORT-ED RESPIRATÓRIO-IC 95%-INGLÊS",0
LBL-065,26846245,10.1007/s11356-016-6186-3,2016,Environmental science and pollution research international,Short-term effects of atmospheric particulate matter on myocardial infarction: a cumulative meta-analysis.,"Atmospheric particulate matter (PM) is hypothesized to increase the risk of myocardial infarction (MI). However, the epidemiological evidence is inconsistent. We identified 33 studies with more than 4 million MI patients and applied meta-analysis and meta-regression to assess the available evidence. Twenty-five studies presented the effects of the PM level on hospitalization for MI patients, while eight studies showed the effects on mortality. An increase in PM10 was associated with hospitalization and mortality in myocardial infarction patients (RR per 10 μg/m(3) = 1.011, 95% CI 1.006-1.016; RR per 10 μg/m(3) = 1.008, 95 % CI 1.004-1.012, respectively); PM2.5 also increased the risk of hospitalization and mortality in MI patients (RR per 10 μg/m(3) = 1.024, 95% CI 1.007-1.041 for hospitalization and RR per 10 μg/m(3) = 1.012, 95% CI 1.010-1.015 for mortality). The results of the cumulative meta-analysis indicated that PM10 and PM2.5 were associated with myocardial infarction with the addition of new studies each year. In conclusion, short-term exposure to high PM10 and PM2.5 levels revealed to increase risk of hospitalization and mortality for myocardial infarction. Policy support of pollution control and individual protection was strongly recommended.",https://pubmed.ncbi.nlm.nih.gov/26846245/,EXCLUDE,HIGH,META ANALYSIS,1
LBL-066,32301991,10.1001/jamanetworkopen.2020.3043,2020,JAMA network open,Association of Fine Particulate Matter Exposure With Bystander-Witnessed Out-of-Hospital Cardiac Arrest of Cardiac Origin in Japan.,"IMPORTANCE: Out-of-hospital cardiac arrests (OHCAs) are a major public health concern and a leading cause of death worldwide. Exposure to ambient air pollution is associated with increases in morbidity and mortality and has been recognized as a leading contributor to global disease burden. OBJECTIVE: To examine the association between short-term exposure to particulate matter with a diameter of 2.5 μm or smaller (PM2.5) and the incidence of OHCAs of cardiac origin and with the development of initial cardiac arrest rhythm. DESIGN, SETTING, AND PARTICIPANTS: This case-control study used data from cases registered between January 1, 2005, and December 31, 2016, in the All-Japan Utstein Registry, a prospective, nationwide, population-based database for OHCAs across all 47 Japanese prefectures. These OHCA cases included patients who had bystander-witnessed OHCAs and for whom emergency medical services responders initiated resuscitation before hospital transfer. A case-crossover design was employed for the study analyses. A prefecture-specific, conditional logistic regression model to estimate odds ratios was applied, and a random-effects meta-analysis was used to obtain prefecture-specific pooled estimates. All analyses were performed from May 7, 2019, to January 23, 2020. MAIN OUTCOMES AND MEASURES: The main outcome was the association of short-term PM2.5 exposure with the incidence of bystander-witnessed OHCAs of cardiac origin. The differences in the distribution of initial cardiac arrest rhythm in OHCAs among those with exposure to PM2.5 were also examined. RESULTS: In total, 103 189 OHCAs witnessed by bystanders were included in the final analysis. Among the patients who experienced such OHCAs, the mean (SD) age was 75 (15.5) years, and 62 795 (60.9%) were men. Point estimates of the percentage increase for a 10-μg/m3 increase in PM2.5 at lag0-1 (difference in mean PM2.5 concentrations measured on the case day and 1 day before) demonstrated a statistically significantly higher incidence of OHCA across most of the 47 prefectures, without significant heterogeneity (I2 = 20.1%; P = .12). A stratified analysis found an association between PM2.5 exposure and OHCAs (% increase, 1.6; 95% CI, 0.1%-3.1%). An initial shockable rhythm, such as ventricular fibrillation or pulseless ventricular tachycardia (% increase, 0.6; 95% CI, -2.0% to 3.2%), was not associated with PM2.5 exposure. However, an initial nonshockable rhythm, such as pulseless electrical activity and asystole, was associated with PM2.5 exposure (% increase, 1.4; 95% CI, 0.1%-2.7%). CONCLUSIONS AND RELEVANCE: Findings from this study suggest that increased PM2.5 concentration is associated with bystander-witnessed OHCA of cardiac origin that commonly presents with nonshockable rhythm. The results support measures to reduce PM2.5 exposure to prevent OHCAs of cardiac origin.",https://pubmed.ncbi.nlm.nih.gov/32301991/,EXCLUDE,HIGH,CARDIO,3
LBL-067,31672367,10.1016/j.envpol.2019.113424,2020,"Environmental pollution (Barking, Essex : 1987)",Particulate air pollution in Ho Chi Minh city and risk of hospital admission for acute lower respiratory infection (ALRI) among young children.,"High levels of air pollutants in Vietnam, especially particulate matters including PM2.5, can be important risk factors for respiratory diseases among children of the country. However, few studies on the effects of ambient air pollution on human health have been conducted in Vietnam so far. The aim of this study is to examine the association between PM2.5 and hospital admission due to acute lower respiratory infection (ALRI) among children aged < 5 years old in Ho Chi Minh city, the largest city of Vietnam. Data relating PM2.5 and hospital admission were collected from February 2016-December 2017 and a time series regression analysis was performed to examine the relationship between PM2.5 and hospital admission including the delayed effect up to three days prior to the admission. We found that each 10 μg/m3 increase in PM2.5 was associated with an increase of 3.51 (95%CI: 0.96-6.12) risk of ALRI admission among children. According to the analysis, male children are more sensitive to exposure to PM2.5 than females, while children exposed to PM2.5 are more likely to be infected with acute bronchiolitis than with pneumonia. The study demonstrated that young children in HCMC are at increased risk of ALRI admissions due to the high level of PM2.5 concentration in the city's ambient air.",https://pubmed.ncbi.nlm.nih.gov/31672367/,INCLUDE,HIGH,"ESTUDO-MP,5-TIME SERIES-RESPIRATÓRIO-IC 95%-INGLÊS",0
LBL-068,39990055,10.2147/JAA.S498234,2025,Journal of asthma and allergy,"Air Pollution and Childhood Asthma Hospitalizations in Chengdu, China: A Time-Series Study.","PURPOSE: Research on the relationship between air pollutants and hospitalization for asthma in children in developing countries remains inadequate. This study aimed to assess the short-term effects of air pollutants, including sulfur dioxide (SO2), nitrogen dioxide (NO2), carbon monoxide (CO), ozone (O3), particulate matter ≤ 2.5 µm (PM2.5), and particulate matter ≤ 10 µm (PM10), on children hospitalized for asthma in Chengdu, China, from 2017-2022. PATIENTS AND METHODS: During the study period, 5592 children were hospitalized for asthma. A generalized additive model was used to control for seasonality, long-term trends, weather, day of the week, and holidays. The analysis was further stratified by age, sex, and season to estimate the associations. RESULTS: PM2.5, PM10, SO2, NO2, and CO were significantly associated with an increased risk of hospitalization due to asthma. A 10 μg/m3 increase in PM2.5, PM10, and CO at lag04 corresponded to an increase of 2.07%, 1.56%, and 0.33% in daily hospital admissions for asthma, respectively. A 10 μg/m3 increase in SO2 and NO2 at lag05 corresponded to an increase of 45.69% and 8.16% in daily hospital admissions for asthma, respectively. Further analysis by age found that PM10 and PM2.5 had a greater impact on children aged 5-6 years old while NO2 and CO mainly affected children under 7 years old. Analysis by by sex found that pollutants had a greater impact on hospital admissions in girls. Seasonal analysis revealed that pollutants had a more significant effect on admission during the winter. CONCLUSION: Our results suggest that increased concentrations of PM2.5, PM10, SO2, NO2, and CO in Chengdu lead to hospitalization for asthma in children and that a lag effect was observed, especially with SO2. These findings highlight the need for stricter air quality controls to reduce childhood asthma hospitalizations. • Exposure to air pollutants increases the risk of hospitalization for children with asthma. • The effect of each studied air pollutant varies according to the age and sex of the child. • The effect of air pollutants on children with asthma was stronger in the winter. • Air quality control standards are needed to reduce hospitalizations for asthma in children.",https://pubmed.ncbi.nlm.nih.gov/39990055/,INCLUDE,LOW,"ESTUDO-MP2,5-TIME SERIES-ASMA-CITA % DE UM EFEITO MAS NAO CITA QUAL-INGLÊS",0
LBL-069,31446603,10.1007/s11356-019-06244-1,2019,Environmental science and pollution research international,"The hospitalization attributable burden of acute exacerbations of chronic obstructive pulmonary disease due to ambient air pollution in Shijiazhuang, China.","Few studies have investigated the acute exacerbations of chronic obstructive pulmonary disease (AECOPD)-associated attributable burden under exposure to high levels of air pollution among Asians. Data on hospitalization for AECOPD, air pollution and meteorological factors from 1 January 2013 to 31 December 2016 were collected in Shijiazhuang, China. We used a Poisson generalized linear regression model combined with a distributed lag nonlinear model (DLNM) to evaluate the relative cumulative risk for a lag of 0-7 days and examined the potential effect modifications by age and sex via stratification analyses, controlling for long-term trends, seasonal patterns, meteorological factors, and other possible confounders. Then, we computed hospitalization percentages attributable to air pollutants. The AECOPD-associated relative cumulative risks for PM2.5, PM10, NO2, SO2, and CO for a lag of 0-7 days were significantly positively correlated with hospitalization. The associations were stronger in females and retired patients. The NO2 Cum RR of AECOPD admission was the greatest. A 10μg/m3 increase in daily NO2 concentration was associated with 6.7% and 5.7% increases in COPD hospitalizations in the retired and female groups, respectively. The results showed that 13%, 9.4%, 1.7%, 9.7%, and 8.8% of AECOPD hospitalizations were attributable to exposure to PM2.5, PM10, SO2, NO2, and CO, respectively. If the air pollutant concentration was reduced to the 24-h average grade II levels of NAAQS of China, the AECOPD attributable percentage for PM2.5 and PM10 would decrease by 80%. The air pollutants PM2.5, PM10, SO2, NO2, and CO were significantly relevant to AECOPD-associated hospitalization. The associations differed by individual characteristics. The retired and female populations were highly vulnerable.",https://pubmed.ncbi.nlm.nih.gov/31446603/,INCLUDE,MEDIUM,"ESTUDO-MP2,5-TIME SERIES-DPOC-CITA RR SEM TRAZER MUITOS VALORES-INGLÊS",0
LBL-070,34879071,10.1371/journal.pone.0260264,2021,PloS one,"Using Bayesian time-stratified case-crossover models to examine associations between air pollution and ""asthma seasons"" in a low air pollution environment.","Many areas of the United States have air pollution levels typically below Environmental Protection Agency (EPA) regulatory limits. Most health effects studies of air pollution use meteorological (e.g., warm/cool) or astronomical (e.g., solstice/equinox) definitions of seasons despite evidence suggesting temporally-misaligned intra-annual periods of relative asthma burden (i.e., ""asthma seasons""). We introduce asthma seasons to elucidate whether air pollutants are associated with seasonal differences in asthma emergency department (ED) visits in a low air pollution environment. Within a Bayesian time-stratified case-crossover framework, we quantify seasonal associations between highly resolved estimates of six criteria air pollutants, two weather variables, and asthma ED visits among 66,092 children ages 5-19 living in South Carolina (SC) census tracts from 2005 to 2014. Results show that coarse particulates (particulate matter <10 μm and >2.5 μm: PM10-2.5) and nitrogen oxides (NOx) may contribute to asthma ED visits across years, but are particularly implicated in the highest-burden fall asthma season. Fine particulate matter (<2.5 μm: PM2.5) is only associated in the lowest-burden summer asthma season. Relatively cool and dry conditions in the summer asthma season and increased temperatures in the spring and fall asthma seasons are associated with increased ED visit odds. Few significant associations in the medium-burden winter and medium-high-burden spring asthma seasons suggest other ED visit drivers (e.g., viral infections) for each, respectively. Across rural and urban areas characterized by generally low air pollution levels, there are acute health effects associated with particulate matter, but only in the summer and fall asthma seasons and differing by PM size.",https://pubmed.ncbi.nlm.nih.gov/34879071/,EXCLUDE,MEDIUM,SEM IC 95% APARENTE,5
LBL-071,39879475,10.1590/1413-81232025301.19972022,2025,Ciencia & saude coletiva,"Ambient temperature and hospitalizations of children due to respiratory diseases in Cuiabá-MT, Brazil.","This study evaluated the role of temperature and fine particulate matter in hospitalizations of children living in Cuiabá-MT, obtained from DATASUS, between 01/01/2016 and 12/31/2018. Daily concentrations of the pollutant fine particulate matter were estimated using the CAMS mathematical model, made available by CPTEC. Diagnoses of tracheitis and laryngitis, pneumonia, bronchitis, bronchiolitis and asthma were included. INMET provided data on maximum and minimum temperatures and relative humidity. Statistical analysis was performed with three generalized additive Poisson regression models, one of which only included the minimum temperature, another including the pollutant and the last with an interaction variable. There were 1,612 hospitalizations in the period; in the multivariate model, associations were identified between minimum temperature and hospitalizations in lags 1 to 5; the effect of increasing the minimum temperature by 4°C resulted in an increase in the risk of hospitalizations by 18%; 15.2% of hospitalizations are attributed to this increase and an excess of approximately US$ 68,000.00 in expenses for the health system during the period evaluated. In addition to the known effects of exposure to pollutants on health, it was possible to identify that an increase in the minimum daily temperature can cause damage to children's health. Este estudo avaliou o papel da temperatura e material particulado fino em internações de crianças residentes em Cuiabá-MT, obtidas do DATASUS, entre 01/01/2016 e 31/12/2018. Concentrações diárias do poluente material particulado fino foram estimadas pelo modelo matemático CAMS, disponibilizado pelo CPTEC. Foram incluídos diagnósticos de traqueíte e laringite, pneumonias, bronquite, bronquiolite e asma. INMET forneceu dados de temperaturas máxima e mínima e umidade relativa do ar. Foi realizada análise estatística com três modelos aditivo generalizado da regressão de Poisson, sendo um deles somente com a temperatura mínima, outro incluindo o poluente e o último com uma variável de interação. Foram 1.612 internações no período; no modelo multivariado foram identificadas associações entre temperatura mínima e internações nos lags 1 a 5; o efeito do aumento da temperatura mínima em 4°C refletiu na elevação do risco de internações em 18%; atribuem-se 15,2% das internações a este aumento e um excesso de ≈ US$ 68,000.00 nos gastos para o sistema de saúde, durante o período avaliado. Foi possível identificar que elevação na temperatura mínima diária pode causar danos à saúde da criança. Este estudio evaluó el papel de la temperatura y las partículas finas en las hospitalizaciones de niños residentes en Cuiabá-MT, Brasil, obtenido de DATASUS, entre el 01/01/2016 y el 31/12/2018. Se estimaron las concentraciones diarias de partículas finas contaminantes utilizando el modelo matemático CAMS, proporcionado por CPTEC. Se incluyeron diagnósticos de traqueítis y laringitis, neumonía, bronquitis, bronquiolitis y asma. El INMET proporcionó datos sobre temperaturas máximas, mínimas y humedad relativa. Se realizó el análisis estadístico con tres modelos de regresión de Poisson aditivos generalizados, uno de los cuales incluía únicamente la temperatura mínima, otro incluía el contaminante y el último con una variable de interacción. Hubo 1.612 hospitalizaciones en el período; se identificaron asociaciones entre temperatura mínima y hospitalizaciones en los rezagos 1 a 5 en el modelo multivariado; el efecto del aumento de la temperatura mínima en 4°C resultó en un aumento del riesgo de hospitalizaciones en un 18%; a este incremento se le atribuye el 15,2% de las hospitalizaciones y un exceso de ≈ US$ 68 mil en gastos para el sistema de salud durante el período evaluado. Se pudo identificar que un aumento de la temperatura mínima diaria puede causar daños a la salud de los niños.",https://pubmed.ncbi.nlm.nih.gov/39879475/,EXCLUDE,MEDIUM,SEM IC 95%,5
LBL-072,39195680,10.3390/toxics12080578,2024,Toxics,Short-Term Interaction Effects of PM,"In recent years, PM2.5 and O3 have been the two main pollutants affecting public health in China, but the interaction of the two pollutants on human health remains unclear. A two-stage analytical approach was used to investigate the relationships of PM2.5-O3 co-pollution with nonaccidental, cardiovascular, and respiratory mortality levels across 14 cities in China. We first utilized a generalized additive model (GAM) to determine the city-specific associations of PM2.5 and O3 with daily mortality. The associations were then combined at the national and regional levels using meta-analysis. To investigate the potential interactions between the two pollutants and cause-specific mortality, we performed stratified analyses by co-pollutant exposure levels and the synergy index (SI) (SI > 1 indicates a synergistic interaction). The effect of changes in the two pollutants' concentrations (in 10 μg/m3 increases) on mortality was assessed. The stratification analysis results suggested that each 10 μg/m3 increase in PM2.5 at lag0-1 (lag01) in the low, moderate, and high strata of the O3 concentrations increased nonaccidental mortality by 0.07% (95% confidence interval: -0.03%, 0.17%), 0.33% (0.13%, 0.53%), and 0.68% (0.30%, 1.06%), respectively, with significant between-group differences (p < 0.001). Moreover, each 10 μg/m3 increase in O3 (lag01) in the low, moderate, and high strata of the PM2.5 concentrations increased nonaccidental mortality by 0.15% (-0.06%, 0.36%), 0.53% (0.19%, 0.87%), and 0.75% (0.14%, 1.36%), respectively, with significant between-group differences (p < 0.001). We also found substantial synergistic interactions between the two pollutants and nonaccidental, cardiovascular, and respiratory mortality levels, with SI values of 1.48, 1.51, and 1.33, respectively. Additionally, a subgroup analysis revealed that the interaction of these two pollutants on nonaccidental mortality were greater in South China compared to elsewhere, and during the warm season compared to during the cold season. Our findings suggested that the simultaneous control of PM2.5 and O3 within the context of combined air pollution could significantly decrease the disease risk, especially in southern China and during the warm season.",https://pubmed.ncbi.nlm.nih.gov/39195680/,EXCLUDE,HIGH,MORTALIDADE,3
LBL-073,20386174,10.1097/EDE.0b013e3181d5c021,2010,"Epidemiology (Cambridge, Mass.)",Impact of fine and ultrafine particles on emergency hospital admissions for cardiac and respiratory diseases.,"BACKGROUND: Little is known about the short-term effects of ultrafine particles. METHODS: We evaluated the effect of particulate matter with an aerodynamic diameter <or=10 microm (PM10), <or=2.5 microm (PM2.5), and ultrafine particles on emergency hospital admissions in Rome 2001-2005. We studied residents aged >or=35 years hospitalized for acute coronary syndrome, heart failure, lower respiratory tract infections, and chronic obstructive pulmonary disease (COPD). Information was available for factors indicating vulnerability, such as age and previous admissions for COPD. Particulate matter data were collected daily at one central fixed monitor. A case-crossover analysis was performed using a time-stratified approach. We estimated percent increases in risk per 14 microg/m PM10, per 10 microg/m PM2.5, and per 9392 particles/mL. RESULTS: An immediate impact (lag 0) of PM2.5 on hospitalizations for acute coronary syndrome (2.3% [95% confidence interval = 0.5% to 4.2%]) and heart failure (2.4% [0.3% to 4.5%]) was found, whereas the effect on lower respiratory tract infections (2.8% [0.5% to 5.2%]) was delayed (lag 2). Particle number concentration showed an association only with admissions for heart failure (lag 0-5; 2.4% [0.2% to 4.7%]) and COPD (lag 0; 1.6% [0.0% to 3.2%]). The effects were generally stronger in the elderly and during winter. There was no clear effect modification with previous COPD. CONCLUSIONS: We found sizeable acute health effects of fine and ultrafine particles. Although differential reliability in exposure assessment, in particular of ultrafine particles, precludes a firm conclusion, the study indicates that particulate matter of different sizes tends to have diverse outcomes, with dissimilar latency between exposure and health response.",https://pubmed.ncbi.nlm.nih.gov/20386174/,INCLUDE,HIGH,"ESTUDO-MP2,5-CASE CROSSOVER-RESPIRATÓRIO-IC 95%-INGLÊS",0
LBL-074,38698010,10.1038/s41598-024-59643-x,2024,Scientific reports,Atmosphere particulate matter and respiratory diseases during COVID-19 in Korea.,"We aimed to examine the impact of COVID-19 non-pharmaceutical interventions (NPIs) on the relationship between air pollutants and hospital admissions for respiratory and non-respiratory diseases in six metropolitan cities in South Korea. This study compared the associations between particulate matter (PM10 and PM2.5) and hospital admission for respiratory and non-respiratory diseases before (2016-2019) and during (2020) the implementation of COVID-19 NPIs by using distributed lag non-linear models. In the Pre-COVID-19 period, the association between PM10 and admission risk for asthma and COPD showed an inverted U-shaped pattern. For PM2.5, S-shaped and inverted U-shaped changes were observed in asthma and COPD, respectively. Extremely high and low levels of PM10 and extremely low levels of PM2.5 significantly decreased the risk of admission for asthma and COPD. In the Post-COVID-19 outbreak period, the overall cumulative relationship between PM10 and PM2.5 and respiratory diseases and the effects of extreme levels of PM10 and PM2.5 on respiratory diseases were completely changed. For non-respiratory diseases, PM10 and PM2.5 were statistically insignificant for admission risk during both periods. Our study may provide evidence that implementing NPIs and reducing PM10 and PM2.5 exposure during the COVID-19 pandemic has contributed to reducing hospital admissions for environment-based respiratory diseases.",https://pubmed.ncbi.nlm.nih.gov/38698010/,EXCLUDE,HIGH,SEM IC 95%,5
LBL-075,35027064,10.1186/s12940-021-00828-6,2022,Environmental health : a global access science source,Effects of particulate matter on hospital admissions for respiratory diseases: an ecological study based on 12.5 years of time series data in Shanghai.,"BACKGROUND: Previous epidemiological studies on the association between short-term exposure to particulate matter (PM) with hospital admission in major cities in China were limited to shorter study periods or a single hospital. The aim of this ecological study based on a 12.5-year time series was to investigate the association of short-term exposure to PM with aerodynamic diameter ≤ 2.5 μm (PM2.5) and aerodynamic diameter ≤ 10 μm (PM10) with hospital admissions for respiratory diseases. METHODS: Daily hospital admissions data were from the Shanghai Medical Insurance System for the period January 1, 2008 to July 31, 2020. We estimated the percentage change with its 95% confidence interval (CI) for each 10 μg/m3 increase in the level of PM2.5 and PM10 after adjustment for calendar time, day of the week, public holidays, and meteorological factors applying a generalized additive model with a quasi-Poisson distribution. RESULTS: There were 1,960,361 hospital admissions for respiratory diseases in Shanghai during the study period. A 10 μg/m3 increase in the level of each class of PM was associated with increased total respiratory diseases when the lag time was 0 day (PM2.5: 0.755%; 95% CI: 0.422, 1.089%; PM10: 0.250%; 95% CI: 0.042, 0.459%). The PM2.5 and PM10 levels also had positive associations with admissions for COPD, asthma, and pneumonia. Stratified analyses demonstrated stronger effects in patients more than 45 years old and during the cold season. Total respiratory diseases increased linearly with PM concentration from 0 to 100 μg/m3, and increased more slowly at higher PM concentrations. CONCLUSIONS: This time-series study suggests that short-term exposure to PM increased the risk for hospital admission for respiratory diseases, even at low concentrations. These findings suggest that reducing atmospheric PM concentrations may reduce hospital admissions for respiratory diseases.",https://pubmed.ncbi.nlm.nih.gov/35027064/,INCLUDE,HIGH,"ESTUDO-MP2,5-TIME SERIES-RESPIRATÓRIO-IC 95%-INGLÊS",0
LBL-076,34428652,10.1016/j.scitotenv.2021.149660,2021,The Science of the total environment,"Long term exposure to air pollution, mortality and morbidity in New Zealand: Cohort study.","OBJECTIVES: To investigate associations between long-term exposure to PM2.5, NO2, mortality and morbidity in New Zealand, a country with low levels of exposure. DESIGN: Retrospective cohort study. SETTING: The New Zealand resident population. METHOD: The main analyses included all adults aged 30 years and over with complete data on covariates: N = 2,223,507. People who died, or were admitted to hospital, (2013-2016) were linked anonymously to the 2013 census, and to estimates of ambient PM2.5, and NO2 concentration. We fitted Poisson regression models of mortality and morbidity in adults (≥30) for all natural causes of death, and by sub- group of major cause. Person-time of exposure, censored at the time of death, was included as an offset. We adjusted for confounding by age, sex, ethnicity, income, education, smoking status and ambient temperature. Further analyses stratified by ethnic group, and investigated respiratory hospital admissions in children. RESULTS: There were statistically significant positive associations between pollutants and natural causes of death: RR (per 10 μg/m3) for PM2.5 1.11 (1.07 to 1.15) and for NO2 1.10 (1.07 to 1.12). For morbidity, the strongest associations were for PM2.5 and ischaemic heart disease in adults, RR: 1.29 (1.23 to 1.35) and for NO2 and asthma in children, RR: 1.18 (1.09 to 1.28). In models restricted to specific ethnic groups, we found no consistent differences in any of the associations. CONCLUSIONS: The results for NO2 are higher than those published previously. Other studies have reported that the dose-response for PM2.5 may be higher at low concentrations, but less is known about NO2. It is possible NO2 is acting as a proxy for other traffic-related pollutants that are causally related to health impacts. This study underlines the importance of controlling pollution caused by motor vehicles.",https://pubmed.ncbi.nlm.nih.gov/34428652/,UNCERTAIN,HIGH,COHORT,4
LBL-077,30841819,10.1161/STROKEAHA.118.022687,2019,Stroke,Ambient Coarse Particulate Matter and Hospital Admissions for Ischemic Stroke.,"Background and Purpose- Evidence on the effects of coarse particulate matter (PM10-2.5) on ischemic stroke is limited and inconsistent. We evaluated the acute effects of PM10-2.5 exposure on hospital admissions for ischemic stroke in China. Methods- We conducted a national time-series analysis of associations between daily PM10-2.5 concentrations and daily hospital admissions for ischemic stroke in China between January 2014 and December 2016. Hospital admissions for ischemic stroke were identified from the database of Urban Employee Basic Medical Insurance, which contains data from 0.28 billion beneficiaries. We applied a city-specific Poisson regression to examine the associations of PM10-2.5 and daily ischemic stroke admissions. We combined the city-specific effect estimates with a random effects meta-analysis, and further evaluated the exposure-response relationship curve and potential effect modifiers. Results- We identified >2 million hospital admissions for ischemic stroke in 172 Chinese cities. A 10 μg/m3 increase in PM10-2.5 concentrations (lag day 0) was associated with a 0.91% (95% CI, 0.73-1.10) increase in hospital admissions for ischemic stroke. The association remained significant after adjusting for PM2.5 (percentage change, 0.96%; 95% CI, 0.75-1.18). The exposure-response relationship was approximately linear, with a moderate response at lower levels (<200 μg/m3) and a steeper response at higher levels. The association was stronger in cities with lower PM10-2.5 concentrations, higher temperatures, or higher relative humidity. Conclusions- This nationwide study provides robust evidence of the short-term association between exposure to PM10-2.5 and increased hospital admissions for ischemic stroke and supports the hypothesis that the association differs by city characteristics.",https://pubmed.ncbi.nlm.nih.gov/30841819/,EXCLUDE,HIGH,OUTCOME É DE AVC ISQUÊMICO,3
LBL-078,24037362,10.1590/S0034-8910.2013047004410,2013,Revista de saude publica,Particulate matter originating from biomass burning and respiratory.,"OBJECTIVE: To analyze the effects of exposure to fine particulate matter from burning on hospital admissions due to respiratory diseases in children and the elderly. METHODS: This is an ecological time series study that took place in the city of Cuiaba, Mato Grosso, in Brazil's Amazon Region, in 2005. Information on the daily levels of fine particulate matter PM2.5 was made available by the Brazilian National Institute for Spatial Research. The model included variables related to temperature, relative humidity and adjusts for seasonality and calendar effects. Poisson regression with generalized additive models was used. RESULTS: A 10 µg/m3 increase in the level of exposure to PM2.5 was associated with increases of 9.1%, 9.2% and 12.1% in hospital admissions due to respiratory diseases in children for moving averages of 1, 2 and 5 days, respectively. For the dry season, the level of exposure to particulate matter was associated with increases of 11.4%, 21.6% and 22.0% in hospital admissions in children for moving averages of 1, 5 and 6 days, respectively. No significant link was noticed in the elderly. CONCLUSIONS: The results show the influence of PM2.5 on hospitalizations for respiratory disease in children under 5 in the region studied.",https://pubmed.ncbi.nlm.nih.gov/24037362/,EXCLUDE,MEDIUM,SEM IC 95%,5
LBL-079,33496025,10.1002/jat.4138,2021,Journal of applied toxicology : JAT,The toxicity of ambient fine particulate matter (PM2.5) to vascular endothelial cells.,"Several epidemiologic and toxicological studies have widely regarded ambient fine particulate matter (PM2.5), the particles with an aerodynamic diameter less than 2.5 μm, as a strong potential threat to human health. PM2.5 exposure is mainly through the respiratory tract where it can permeate the lung alveoli and enter the blood circulation. After going into the circulation, PM2.5 directly confronts the vascular endothelial cells (VECs). The VECs, which are lined up in the innermost layer of the blood vessels, are essential in the homeostasis of physiological processes. Thus, the damage and dysfunction of VECs is a common cause of various diseases. In this review, we summarize the toxicity of PM2.5 to VECs including the pathophysiological mechanism and the effects of VEC-mediated physiological functions. The review has discussed the association of impaired VEC function by PM2.5 with various diseases, indicating that the VECs may be an effective assessment of public health recommendations under PM2.5 exposure. Therefore, reducing the adverse effect of PM2.5 on VECs will prevent the potential occurrence and fatality of the relevant diseases in the future.",https://pubmed.ncbi.nlm.nih.gov/33496025/,EXCLUDE,HIGH,REVIEW,1
LBL-080,17096045,10.1590/s0102-311x2006001200016,2006,Cadernos de saude publica,"[Respiratory and cardiovascular hospitalizations associated with air pollution in the city of São Paulo, Brazil].","The recognition that current air pollution levels cause harmful health effects makes the definition of the air quality regulatory process imperative. This study examines the association between exposure to air pollution and hospital admissions in the city of São Paulo, aiming to support the development of measures to reduce such health risks. The authors conducted an ecological time series study of hospital admissions for respiratory and cardiovascular diseases in children and the elderly in relation to daily air pollution levels, using generalized additive Poisson regression models. All air pollutants except ozone showed a statistically significant association with admissions for respiratory and cardiovascular diseases. An increase of 10 microg/m3 in fine particulate matter was associated with a 4.6% increase in asthma admissions in children and a 4.3% increase in admissions for chronic obstructive pulmonary disease and 1.5% for ischemic heart disease in the elderly. These associations are consistent with a large body of literature in this area and indicate that the current air pollution levels in São Paulo have an important negative impact on the population's health.",https://pubmed.ncbi.nlm.nih.gov/17096045/,EXCLUDE,HIGH,NAO É EM INGLÊS,6
LBL-081,35853756,10.1016/j.jfo.2022.02.007,2022,Journal francais d'ophtalmologie,[Ocular surface and outdoor air pollution: A systematic review].,"INTRODUCTION: Air pollution has steadily increased for several decades, with widely studied effects on human health, including increased mortality, incidence of stroke, respiratory and allergic disease. However, the effects of pollution on the ocular surface, in direct contact with the outside world, have been less precisely studied. MATERIALS AND METHODS: We conducted a literature review of articles on the subject published from 1966 to October 2020. Among the 661 articles identified, 33 were retained. Ocular surface disease associated with pollution included non-specific conjunctivitis, dry eye disease, blepharitis, and allergic conjunctivitis. The studied pollutants were particulate matter less than 2.5μm and 10μm (PM2.5, PM10), ozone (O3), nitrogen dioxide (NO2), carbon monoxide (CO) and sulfur dioxide (SO2). Certain air quality parameters such as temperature and relative humidity were also studied. RESULTS: Among the markers of air pollution possibly associated with ophthalmic disease, NO2 and SO2 appear to be the most frequent and highly correlated. High temperatures and low humidity levels also appear to be aggravating factors for the ocular surface. However, due to the heterogeneity of the studies, the results must be interpreted with caution. Indeed, the methodology and the results of the various studies are sometimes contradictory. The inclusion of patients, the analysis of environmental data, and the correlation between these two elements indeed raise numerous methodological questions. CONCLUSION: Air pollution control would appear essential, as well as the development of new studies based on reliable methods of studying the environmental and its clinical effects.",https://pubmed.ncbi.nlm.nih.gov/35853756/,EXCLUDE,HIGH,SYSTEMATIC REVIEW E NÃO É EM INGLÊS,"1,6"
LBL-082,23544440,10.1080/09603123.2013.782604,2014,International journal of environmental health research,Impact of Saharan dust particles on hospital admissions in Madrid (Spain).,"Saharan dust intrusions make a major contribution to levels of particulate matter (PM) present in the atmosphere of large cities. We analysed the impact of different PM fractions during periods with and without Saharan dust intrusions, using time-series analysis with Poisson regression models, based on: concentrations of coarse PM (PM10 and PM10-2.5) and fine PM (PM2.5); and daily all-, circulatory- and respiratory-cause hospital admissions. While periods without Saharan dust intrusions were marked by a statistically significant association between daily mean PM2.5 concentrations and all- and circulatory-cause hospital admissions, periods with such intrusions saw a significant increase in respiratory-cause admissions associated with fractions corresponding to PM10 and PM10-2.5.",https://pubmed.ncbi.nlm.nih.gov/23544440/,INCLUDE,MEDIUM,"ESTUDO-MP2,5-TIME SERIES-RESPIRATÓRIO-IC 95% NAO APARENTE-INGLÊS",0
LBL-083,34343988,10.1159/000517710,2021,Contributions to nephrology,Air Pollution and Kidney Diseases: PM2.5 as an Emerging Culprit.,"Clinical Background: As a result of modern industrialization, air pollution has become a potential contributor to global burden of noncommunicable diseases, such as cardiovascular disease, respiratory disease, and kidney disease. Epidemiology: Emerging epidemiological evidence has demonstrated that exposure to ambient air pollution is associated with an increased risk for the development and progression of chronic kidney disease (CKD) and CKD-related mortality. Exposure to PM2.5, even at relatively low concentrations, is a risk factor for a lower estimated glomerular filtration rate and a faster decline in glomerular filtration rate. It has been estimated that the global burden of CKD attributable to PM2.5 is 6.95 million incident cases of CKD per year. Low- and middle-income countries in the Eastern Mediterranean and South-East Asia regions experienced the highest urban air pollution levels, thus facing a heavier burden of related disease. Challenges: Despite a growing awareness of kidney damage related to air pollution, large gaps still exist between the exact toxicological effect of particles on the kidney and the increasing prevalence of air pollution-related kidney diseases. Considering the geographic variation of air pollution, more longitudinal studies in different parts of the world are urgently needed, especially in those most affected countries. Prevention and Treatment: Air pollution control should be regarded as a high priority in urban plan and policy making. Actions are required to narrow gaps in knowledge and clean air, thus preventing air pollution-related kidney disease.",https://pubmed.ncbi.nlm.nih.gov/34343988/,EXCLUDE,HIGH,REVIEW,1
LBL-084,36107568,10.1097/MD.0000000000030165,2022,Medicine,: Short-term effects of exposure to particulate matter on hospital admissions for asthma and chronic obstructive pulmonary disease.,"We investigated the effects of particulate matter (PM) factors on hospitalization rates for asthma and chronic obstructive pulmonary disease (COPD). We obtained data on pollutants-PM10, PM2.5-in Seoul, South Korea. We also investigated data for asthma and COPD exacerbation that required hospitalization from 2006 to 2016. We used a time-stratified case-crossover design and generalized additive models with log transformation to assess adjusted risk, and conditional logistic regression was performed to analyze these data. Our study showed that PM10 and PM2.5, on different best lag days, were associated with increased risks of COPD or asthma hospitalization. The odds ratios (ORs) for each per-unit increase in PM10 and PM2.5 were higher in patients with male asthma (PM10: OR, 1.012; 95% confidence interval [CI], 1.008-1.016 and PM2.5: OR, 1.015; 95% CI, 1008-1.023), preschool asthma (PM10: OR, 1.015; 95% CI, 1.006-1.015 and PM2.5: OR, 1.015; 95% CI, 1.009-1.024), male COPD (PM10: OR, 1.012; 95% CI, 1.005-1.019 and PM2.5: OR, 1.013; 95% CI, 1.000-1.026), and senior COPD (PM10: OR, 1.016; 95% CI, 1.008-1.024 and PM2.5: OR, 1.022; 95% CI, 1.007-1.036). Increasing PM levels increased hospitalizations for asthma and COPD. Additionally, the consequences may be different according to age and sex, and PM2.5 may have a more significant effect on airway disease patients than PM10.",https://pubmed.ncbi.nlm.nih.gov/36107568/,INCLUDE,HIGH,"ESTUDO-MP2,5-CASE CROSSOVER-DPOC E ASMA-IC 95%-INGLÊS",0
LBL-085,41242364,10.1016/j.ypmed.2025.108467,2026,Preventive medicine,Mental health emergencies and mortality following public fine particulate matter alerts: A Nationwide case-crossover study in South Korea.,"OBJECTIVE: Little is known about whether issuing particulate matter ≤2.5 μm (PM2.5) alerts influences emergency department presentations for mental health or mortality. We evaluated the impact of PM2.5 alerts on mental disorder-related emergency visit and mortality. METHODS: We conducted a time-stratified case-crossover analysis comparing PM2.5 alert versus non-alert days between 1 January 2015 and 31 December 2021 using multiple South Korean databases. Alert days were 1:1 matched to non-alert days on the basis of daily mean municipal-level of PM2.5. We applied conditional Poisson regression models, stratified by region, to estimate relative risks of mental disorder, related emergency department visits and mortality for PM2.5 alert. RESULTS: A 20 μg/m3 increase in PM2.5 was associated with elevated risks of mental disorder-related emergency department visits and mortality. On PM2.5 alert days, the risk of mental disorder-related emergency visits was lower compared with matched non-alert days (RR = 0.94, 95 % confidence intervals [CI]: 0.92, 0.97). This association was observed for both organic and non-organic mental disorders. All-cause, cardiovascular, and respiratory mortality showed small, non-significant increases on alert days. CONCLUSIONS: Issuance of PM2.5 alerts in South Korea was associated with a modest reduction in emergency visits for mental disorders but did not correspond with lower mortality.",https://pubmed.ncbi.nlm.nih.gov/41242364/,EXCLUDE,HIGH,MORTALIDADE E SAÚDE MENTAL,3
LBL-086,29889687,10.1097/EDE.0000000000000873,2018,"Epidemiology (Cambridge, Mass.)",Associations of Source-apportioned Fine Particles with Cause-specific Mortality in California.,"BACKGROUND: Exposure to ambient fine particulate matter (PM2.5) has been linked with premature mortality, but sources of PM2.5 have been less studied. METHODS: We evaluated associations between source-specific PM2.5 exposures and cause-specific short-term mortality in eight California locations from 2002 to 2011. Speciated PM2.5 measurements were source-apportioned using Positive Matrix Factorization into eight sources and combined with death certificate data. We used time-stratified case-crossover analysis with conditional logistic regression by location and meta-analysis to calculate pooled estimates. RESULTS: Biomass burning was associated with all-cause mortality lagged 2 days after exposure (lag2) (% changelag2 in odds per interquartile range width increase in biomass burning PM2.5 = 0.8, 95% confidence interval [CI] = 0.2, 1.4), cardiovascular (% changelag2 = 1.3, 95% CI = 0.3, 2.4), and ischemic heart disease (% changelag2 = 2.0, 95% CI = 0.6, 3.5). Vehicular emissions were associated with increases in cardiovascular mortality (% changelag0 = 1.4, 95% CI = 0.0, 2.9). Several other sources exhibited positive associations as well. Many findings persisted during the cool season. Warm season biomass burning was associated with respiratory/thoracic cancer mortality (% changelag1 = 5.9, 95% CI = 0.7, 11.3), and warm season traffic was associated with all-cause (% changelag0 = 1.9, 95% CI = 0.1, 3.6) and cardiovascular (% changelag0 = 2.9, 95% CI = 0.1, 5.7) mortality. CONCLUSIONS: Our results suggest that acute exposures to biomass burning and vehicular emissions are linked with cardiovascular mortality, with additional sources (i.e., soil, secondary nitrate, secondary sulfate, aged sea salt, and chlorine sources) showing associations with other specific mortality types.",https://pubmed.ncbi.nlm.nih.gov/29889687/,EXCLUDE,HIGH,MORTALIDADE,3
LBL-087,31059876,10.1016/j.scitotenv.2019.04.357,2019,The Science of the total environment,Changes in the acute response of respiratory diseases to PM,"Prior studies reported that exposure to increased concentrations of fine particulate matter (PM2.5) were associated with increased rates of hospitalization and emergency department (ED) visits for asthma and chronic obstructive pulmonary disease (COPD). In this study, rates were examined from 2005 to 2016 using a case-crossover design to ascertain if there have been changes in the rates per unit mass exposure given substantial reductions in PM2.5 concentration and changes in its composition. PM2.5 concentrations were reduced through a combination of policies designed to improve air quality and economic drivers, including the 2008 economic recession and shifts in the relative costs of coal and natural gas. The study period was split into three periods reflecting that much of the emissions changes occurred between 2008 and 2013. Thus, the three periods were defined as: BEFORE (2005 to 2007), DURING (2008-2013), and AFTER (2014-2016). In general, the number of hospitalizations and ED visits declined with the decreased concentration of PM2.5. However, the rate of COPD hospitalizations and asthma ED visits associated with each interquartile range increase in ambient PM2.5 concentration was larger in the AFTER period than the DURING and BEFORE periods. For example, each 6.8 μg/m3 increase in PM2.5 on the same day was associated with 0.4% (0.0%, 0.8%), 0.3% (-0.2%, 0.7%), and 2.7% (1.9%, 3.5) increases in the rate of asthma emergency department visits in the BEFORE, DURING, and AFTER periods, respectively, suggesting the same mass concentration of PM2.5 was more toxic in the AFTER period.",https://pubmed.ncbi.nlm.nih.gov/31059876/,INCLUDE,HIGH,"ESTUDO-MP2,5-CASE CROSSOVER-RESPIRATÓRIO-IC 95%-INGLÊS",0
LBL-088,38169380,10.1186/s12940-023-01042-2,2024,Environmental health : a global access science source,The short-term effect of ambient particulate matter on suicide death.,"BACKGROUND: Air pollution can cause various respiratory and neurological diseases and continuous exposure can lead to death. Previous studies have reported that particulate matter (PM) exposure increases the risk of depression, suicidal thoughts, and suicidal death; however, the results are inconsistent and limited. This study aimed to examine the relationship between short-term PM exposure and suicide deaths, as well as investigate the short-term effects of PM on suicide death within vulnerable groups based on factors such as sex, age group, suicide-related information (note, method, and cause), psychiatric disorders, and physical diseases. METHODS: Data on a total of 28,670 suicide deaths from 2013 to 2017, provided by the Korea Foundation for Suicide Prevention, were analyzed. The study design employed a time-series analysis with a two-stage approach. In the first step, a generalized additive model combined with a distributed lag nonlinear model was used to estimate the short-term effect of PM exposure on suicide risk specific to each city. In the second step, the estimated results from each city were pooled through a meta-analysis to derive the overall effect. We determined the effects of single lag, cumulative lag, and moving average PM concentrations from days 0-7 before suicide. RESULTS: We confirmed an association between exposure to PM10 (≤ 10 μm in diameter) and deaths due to suicide. In particular, among individuals with psychiatric disorders and those who employed non-violent suicide methods, increased exposure to PM10 was associated with a higher risk of death by suicide, with percentage changes of 5.92 (95% confidence interval [CI]: 3.95-7.92) and 11.47 (95% CI: 7.95-15.11), respectively. Furthermore, in the group with psychiatric disorders, there was an observed tendency of increasing suicide risk as PM10 levels increased up to 120 µg/m3, whereas in the group with non-violent suicide deaths, there was a pronounced trend of rapid increase in suicide risk with an increase in PM10 up to 100 µg/m3. CONCLUSIONS: These results show an association between short-term exposure to PM and suicide. Our study adds evidence for the benefits of reducing PM in preventing diseases and improving mental health.",https://pubmed.ncbi.nlm.nih.gov/38169380/,EXCLUDE,HIGH,MP10 E SUICÍDIO,"2,3"
LBL-089,39937479,10.1001/jamanetworkopen.2024.57666,2025,JAMA network open,Dust Storms and Emergency Department Visits in 3 Southwestern States Using NWS Storm Reports.,"IMPORTANCE: Dust storms are projected to increase with climate change. The short-term health outcomes associated with dust storms in the US are not well characterized, especially for morbidity outcomes. OBJECTIVE: To estimate associations between dust storms and diagnosis-specific emergency department (ED) visits during 2005 to 2018. DESIGN, SETTING, AND PARTICIPANTS: In this cross-sectional study using a time-stratified case-crossover design, short-term associations between dust storms and ED visits were estimated at the zip code level using conditional Poisson analysis with adjustment for meteorology and within-month trends. Same-day dust storm events and storm events within a lag period of up to 7 days were considered. State-wide patient-level ED visit records acquired from 3 state health departments (Arizona, California, and Utah) were analyzed. Data were analyzed between April 21 and November 12, 2024. EXPOSURES: Dust storm events were reported by the US National Weather Service and assigned to each patient zip code that had at least a 5% areal overlap with the National Weather Service forecast zone. MAIN OUTCOMES AND MEASURES: Patient-level ED visits for asthma, chronic obstructive pulmonary disease, culture-negative pneumonia, congestive heart failure (CHF), cerebrovascular disease, ischemic heart disease, and visits due to motor vehicle accidents. RESULTS: The analysis included 33 500 ED visits among the outcomes of interest (5717 children aged 0-17 years [17.1%] and 11 150 adults aged >65 years [33.3%]; 17 394 male [51.9%] and 16 104 female [48.1%]; 2829 Black [8.4%] and 22 537 White [67.2%]; 9256 Hispanic [27.6%]) and 206 dust-impacted zip codes. The strongest associations between dust storms and ED visits were found for asthma (lag 0-2 relative risk [RR], 1.06; 95% CI, 1.01-1.11; P = .03), culture-negative pneumonia (lag 0-7 RR, 1.06; 95% CI, 1.02-1.10; P = .002), CHF (lag 0-7 RR, 1.06; 95% CI, 1.01-1.10; P = .01), and motor vehicle accidents (lag 0 RR, 1.13; 95% CI, 1.04-1.23; P = .003). Associations of dust storm exposure with ischemic heart disease were mostly protective (eg, lag 0-2 RR, 0.89; 95% CI, 0.84-0.95; P < .001). Associations of dust storm exposure with risk of ED visits for CHF and motor vehicle accidents were robust against adjustment for ambient ozone (eg, CHF: RR, 1.08; 95% CI, 1.03-1.13; P = .003) and nitrogen dioxide (eg, CHF: RR, 1.08; 95% CI, 1.03-1.13; P = .003) air pollution. CONCLUSIONS AND RELEVANCE: In this study, dust storms were positively associated with ED visits for asthma, pneumonia, heart failure, and motor vehicle accidents. These findings contribute to our understanding of the association of dust storms with morbidity in the US and potential outcomes under a changing climate.",https://pubmed.ncbi.nlm.nih.gov/39937479/,EXCLUDE,HIGH,"NAO É MP2,5",2
LBL-090,25244038,10.1016/j.scitotenv.2014.08.093,2015,The Science of the total environment,Multifactorial airborne exposures and respiratory hospital admissions--the example of Santiago de Chile.,"UNLABELLED: Our results provide evidence for respiratory effects of combined exposure to airborne pollutants in Santiago de Chile. Different pollutants account for varying adverse effects. Ozone was not found to be significantly associated with respiratory morbidity. BACKGROUND: High concentrations of various air pollutants have been associated with hospitalization due to development and exacerbation of respiratory diseases. The findings of different studies vary in effect strength and are sometimes inconsistent. OBJECTIVES: We aimed to assess associations between airborne exposures by particulate matter as well as gaseous air pollutants and hospital admissions due to respiratory disease groups under the special orographic and meteorological conditions of Santiago de Chile. METHODS: The study was performed in the metropolitan area of Santiago de Chile during 2004-2007. We applied a time-stratified case-crossover analysis taking temporal variation, meteorological conditions and autocorrelation into account. We computed associations between daily ambient concentrations of carbon monoxide (CO), nitrogen dioxide (NO2), particulate matter (PM10 and PM2.5 - particulate matter with aerodynamic diameters less than 10 or 2.5 μm, respectively) or ozone (O3) and hospital admissions for respiratory illnesses. RESULTS: We found for CO, NO2, PM10 and PM2.5 adverse relationships to respiratory admissions while effect strength and lag depended on the pollutant and on the disease group. By trend, in 1-pollutant models most adverse pollutants were CO and PM10 followed by PM2.5, while in 2-pollutant models effects of NO2 persisted in most cases whereas other effects weakened and significant effects remain for PM2.5, only. In addition the strongest effects seemed to be immediate or with a delay of up to one day, but effects were found until day 7, too. Adverse effects of ozone could not be detected. CONCLUSIONS: Taking case numbers and effect strength of all cardiovascular diseases into account, mitigation measures should address all pollutants especially CO, NO2, and PM10.",https://pubmed.ncbi.nlm.nih.gov/25244038/,EXCLUDE,LOW,"FALA DE ASSOCIAÇÕES, MAS NÃO CITA IC 95% OU OUTRO",5
LBL-091,28628139,,2017,Beijing da xue xue bao. Yi xue ban = Journal of Peking University. Health sciences,[Effect of particulate air pollution on hospital admissions for acute exacerbation of chronic obstructive pulmonary disease in Beijing].,"OBJECTIVE: To assess the association between particulate air pollution and hospital admissions for acute exacerbation of chronic obstructive pulmonary disease (AECOPD) in Beijing, and to evaluate the differences of association among different subgroups. METHODS: Hospital admissions to intertiary hospitals for AECOPD from January 1, 2014, through December 31, 2015 were obtained from the electronic hospitalization summary reports (HSRs).We obtained the data on air pollution during the study period from the national air pollution monitoring system. The data on meteorological variables were obtained from the Chinese meteorological bureau. A poison generalized additive model was used to assess the effects of particulate pollution on AECOPD with adjustment for the long term trend, day of week, holiday effect and meteorological variables. Subgroup analyses were also conducted by age and gender, which would help identify higher-risk groups. RESULTS: A total of 7 884 hospitalizations from 15 tertiary hospitals were recorded during the study period, and 69.3% were male patients, 37.1% were ≥80 years of age, 45.5% were 65-79 years of age, and 17.4% were younger than 65. The mean (SD) daily concentrations of PM2.5, PM10 were 77.1 (66.6) μg/m3, 111.9 (75.8) μg/m3. Every 10 μg/m3 increase in particulate pollution concentration for a lag of 4 d was associated with an increase in hospital admissions for AECOPD as follows: 0.53% (95% CI: 0.01%-1.06%, P=0.0478) of PM2.5, 0.53% (95% CI: 0.07%-1.00%, P=0.0250) of PM10, respectively. We found differences in risk for AECOPD admissions among the different subgroups. For every 10 μg/m3 increase in PM2.5, PM10 exposure in the female group there was a 1.13% (95% CI: 0.19%-2.07%, P=0.018 3) increase, 1.06% (95% CI: 0.22%-1.91%, P=0.013 6) increase in admissions, respectively, while in the male group, the association was non-significant. The patients of 80 years of age and older demonstrated a higher risk of AECOPD, 1.25% (95% CI: 0.40%-2.11%, P=0.004 0) increase of PM2.5, 1.18% (95% CI: 0.42%-1.95%, P=0.002 4) increase of PM10, respectively, while other subgroups didn't find significant association. CONCLUSION: Our findings showed that particulate air pollution was significantly associated with hospital admissions for AECOPD in Beijing. The susceptibility to particulate pollution varied by gender and age.",https://pubmed.ncbi.nlm.nih.gov/28628139/,EXCLUDE,HIGH,NAO É EM INGLÊS,6
LBL-092,38537965,10.21873/anticanres.16932,2024,Anticancer research,Breath of Danger: Unveiling PM2.5's Stealthy Impact on Cancer Risks.,"This article explores the intricate relationship between airborne particulate matter (PM), specifically PM2.5, and its profound impact on human health, emphasising the heightened risks of cancer. Examining the composition and characteristics of PM2.5, such as particle size and surface area, reveals its ability to induce inflammatory injury and oxidative damage. The carcinogenic potential extends beyond respiratory implications, affecting various organs, including the digestive tract, breast, and prostate. In addition to the genotoxic effects of PM2.5, attached polycyclic aromatic hydrocarbons are recognized to be endocrine-disrupting chemicals with specific implications for breast and prostate cancer. Long-term exposure to PM2.5 is associated with increased cancer mortality, with specific risks identified for different cancer types. The linear correlation between cancer risk and PM2.5 concentration calls for a re-evaluation of permissible emission levels. The article concludes by proposing specific mitigating strategies for individuals exposed to elevated PM2.5. It suggests antioxidant-rich diets and supplements, and exploring inhalation-based antioxidant administration as potential protective measures.",https://pubmed.ncbi.nlm.nih.gov/38537965/,EXCLUDE,HIGH,CÂNCER E REVIEW,"1,3"
LBL-093,26036738,,2015,Epidemiologia e prevenzione,[Meta-analysis or pooled analysis? A comparison based on time-series used for the analysis of short-term effects of air pollution on human health].,"OBJECTIVES: to compare the meta-analysis and the pooled analysis approach to study short-term effects of air pollution on human health in Emilia-Romagna Region (Central Italy) cities, characterised by strong homogeneity of environmental and sociodemographic features. METHODS: application of fixed-effects meta-analysis and fixed-effects pooled analysis on time-series data of seven cities in Emilia-Romagna in the period 2006-2010. The relationship among adverse health events (deaths due to natural causes, cardiovascular disease, cerebrovascular disease and respiratory disease) and concentrations of PM10, PM2.5 and NO2 was investigated by means of GAM models, using the EpiAir protocol. RESULTS: the pooled analysis application entailed a gain in terms of precision of effect estimates in respect to meta-analysis approach. The interval widths of pooled analysis are lower than those of meta-analytic estimates, with percentage reductions between 7% and 43%. This power increase led to a major number of statistically significant pooled analysis estimates. It has been a generally good correspondence between the two methods in terms of direction and strength of the association among health outcomes and the various pollutants. An exception is the PM10 effect estimate on respiratory mortality, where the meta-analytic estimate was significantly higher and not in line with literature data. CONCLUSIONS: the study highlighted the increase in accuracy and stability of effect estimates obtained from a pooled analysis compared to a meta-analysis in a regional context such as the Emilia-Romagna Region, characterised by the absence of heterogeneity in exposure to pollutants and other confounders. In this context, the pooled approach is to be considered preferable to meta-analysis.",https://pubmed.ncbi.nlm.nih.gov/26036738/,EXCLUDE,HIGH,META ANALYSIS-SEM IC 95%,"1,5"
LBL-094,36003277,10.3390/atmos13050719,2022,Atmosphere,New Homogeneous Spatial Areas Identified Using Case-Crossover Spatial Lag Grid Differences between Aerosol Optical Depth-PM,"Optimal use of Hierarchical Bayesian Model (HBM)-assembled aerosol optical depth (AOD)-PM2.5 fused surfaces in epidemiologic studies requires homogeneous temporal and spatial fused surfaces. No analytical method is available to evaluate spatial heterogeneity. The temporal case-crossover design was modified to assess the spatial association between four experimental AOD-PM2.5 fused surfaces and four respiratory-cardiovascular hospital events in 12 km2 grids. The maximum number of adjacent lag grids with significant odds ratios (ORs) identified homogeneous spatial areas (HOSAs). The largest HOSA included five grids (lag grids 04; 720 km2) and the smallest HOSA contained two grids (lag grids 01; 288 km2). Emergency department asthma and inpatient asthma, myocardial infarction, and heart failure ORs were significantly higher in rural grids without air monitors than in urban grids with air monitors at lag grids 0, 1, and 01. Rural grids had higher AOD-PM2.5 concentration levels, population density, and poverty percentages than urban grids. Warm season ORs were significantly higher than cold season ORs for all health outcomes at lag grids 0, 1, 01, and 04. The possibility of elevated fine and ultrafine PM and other demographic and environmental risk factors synergistically contributing to elevated respiratory-cardiovascular chronic diseases in persons residing in rural areas was discussed.",https://pubmed.ncbi.nlm.nih.gov/36003277/,INCLUDE,MEDIUM,"ESTUDO-MP2,5-CASE CROSSOVER-RESPIRATÓRIO-CITA OR, MAS SEM VALORES-INGLÊS",0
LBL-095,37940200,10.1136/thorax-2022-219262,2023,Thorax,Relationship between air quality and asthma-related emergency hospital admissions in Mexico City 2017-2019.,"BACKGROUND: Previous studies found exposure to air pollution leads to exacerbations of asthma in paediatric and adult patients and increases asthma-related emergency hospital admissions (AREHA). METHODS: AREHAs and levels of air pollutants (PM10, PM2.5 and NO2) were obtained from Mexico City for the period 2017-2019. A time-series approach was used to explore the relationship between air pollutants and AREHA. Relative risks of AREHA were estimated using a negative binomial regression in young children (less than 5 years) and adults (greater than 18 years). RESULTS: There was a positive association between AREHA and PM10, PM2.5 and NO2 in adults, which remained after mutual adjustment for these pollutants. The relative risk (RR) of admission in adults increased by 3% (95% CI 1% to 4%) for a 10 µg/m3 increase in PM10, 1% (0.03% to 3%) for a 5 µg/m3 increase in PM2.5 and by 1% (0.06% to 2%) for a 5 µg/m3 increase in NO2. In contrast, in young children, AREHAs were negatively associated with PM10 after adjustment for NO2 (RR 0.97 (0.95 to 0.99) for a 10 µg/m3 and with NO2 after adjustment for PM10 and PM2.5 (RR 0.98 (0.96 to 0.99) and 0.97 (0.96 to 0.99), respectively, for a 5 µg/m3 increase in NO2). AREHAs in children were not associated with PM2.5 after adjustment for NO2. CONCLUSIONS: Ambient air pollution, within the previous week, was associated with emergency hospital admissions for asthma to public hospitals in adults in Mexico City. The relationship in children was less consistent. Further work is needed to explore why differences between adults and children exist to inform appropriate interventions to benefit public health.",https://pubmed.ncbi.nlm.nih.gov/37940200/,INCLUDE,HIGH,"ESTUDO-MP2,5-TIME SERIES-ASMA-IC 95% RR-INGLÊS",0
LBL-096,40480103,10.1016/j.envint.2025.109577,2025,Environment international,Influence of fire characteristics on the associations between smoke PM,"BACKGROUND: Wildland fire smoke is a significant source of PM2.5 pollution in the western United States, with varying chemical composition and toxicity depending on fire characteristics. METHODS: We analyzed emergency department and urgent care visits in the Reno/Sparks, Nevada region during fire seasons (July-September) from 2012 to 2019. Wildland fire smoke PM2.5 concentrations were determined using a novel approach that combined EPA monitor data, atmospheric dispersion modeling, fire emissions inventories, and Bayesian time-series modeling to estimate daily fire-specific smoke PM2.5 concentrations. Distributed lag models were used to estimate associations between total smoke PM2.5 concentrations, as well as smoke PM2.5 concentrations classified by fire intensity and fuel type, and daily counts of 11 cardiorespiratory visit outcome groups. RESULTS: We observed positive lag-specific associations between total smoke PM2.5 concentrations (per 10 µg/m3 increase) and visits for asthma exacerbation (Lag 0 RR: 1.040; 95 %CI: 1.006, 1.075), cardiovascular disease (Lag 3 RR: 1.015; 95 % CI: 0.999, 1.032), and cardiac dysrhythmia (Lag 3 RR: 1.029; 95 % CI:1.012, 1.047). Elevated cumulative associations were also observed between total smoke PM2.5 and asthma exacerbation (Lag 0-4 RR: 1.066; 95 % CI: 1.005, 1.131), unspecified respiratory disorder (Lag 0-6 RR: 1.046; 95 % CI 0.993, 1.103), and dysrhythmia (Lag 0-5 RR: 1.072; 95 % CI: 1.018, 1.129). Visits for asthma exacerbation and unspecified respiratory disorder were more strongly associated with smoke from high intensity fires, whereas visits for dysrhythmia were more associated with smoke from low intensity fires. By fuel type, forest fire smoke was most strongly associated with increased asthma exacerbation, and visits for dysrhythmia were most strongly associated with smoke from shrub/scrub fires. CONCLUSIONS: This study provides novel evidence that wildland fire intensity and fuel type may influence the relationship between smoke exposure and specific health outcomes, with implications for public health messaging and land management strategies.",https://pubmed.ncbi.nlm.nih.gov/40480103/,INCLUDE,HIGH,"ESTUDO-MP2,5-TIME SERIES-RESPIRATÓRIO-IC 95% RR-INGLÊS",0
LBL-097,37338586,10.1007/s00420-023-01991-8,2023,International archives of occupational and environmental health,The impact of ambient air pollutants on childhood respiratory system disease and the resulting disease burden: a time-series study.,"PURPOSE: The effects of air pollution on human health have long been a hot topic of research. For respiratory diseases, a large number of studies have proved that air pollution is one of the main causes. The purpose of this study was to investigate the risk of hospitalization of children with respiratory system diseases (CRSD) caused by six pollutants (PM2.5, PM10, NO2, SO2, CO, and O3) in Hefei City, and further calculate the disease burden. METHOD: In the first stage, the generalized additive models were combined with the distributed lag non-linear models to evaluate the impact of air pollution on the inpatients for CRSD in Hefei. In the second stage, this study used the cost-of-illness approach to calculate the attributable number of hospitalizations and the extra disease burden. RESULT: Overall, all the six kinds of pollutants had the strongest effects on CRSD inpatients within lag10 days. SO2 and CO caused the highest and lowest harm, respectively, and the RR values were SO2 (lag0-5): 1.1 20 (1.053, 1.191), and CO (lag0-6): 1.002 (1.001, 1.003). During the study period (January 1, 2014 to December 30, 2020), the 7-year cumulative burden of disease was 36.19 million CNY under the WHO air pollution standards. CONCLUSION: In general, we found that six air pollutants were risk factors for CRSD in Hefei City, and create a huge burden of disease.",https://pubmed.ncbi.nlm.nih.gov/37338586/,INCLUDE,MEDIUM,"ESTUDO-MP2,5-TIME SERIES-RESPIRATÓRIO-NÃO CITA IC 95% PARA MP2,5-INGLÊS",0
LBL-098,32847589,10.1186/s12940-020-00645-3,2020,Environmental health : a global access science source,The effect of exposure to particulate matter during pregnancy on lower respiratory tract infection hospitalizations during first year of life.,"BACKGROUND: Lower respiratory tract infections (LRTI) in early life, including pneumonia, bronchitis and bronchiolitis, can lead to decreased lung function, persistent lung damage and increased susceptibility to various respiratory diseases such as asthma. In-utero exposure to particulate matter (PM) during pregnancy may disrupt biological mechanisms that regulate fetal growth, maturation and development. We aimed to estimate the association between intrauterine exposure to PM of size < 2.5 μm in diameter (PM2.5) and incidence of LRTIs during the first year of life. METHODS: A retrospective population-based cohort study in a population of mothers and infants born in Soroka University Medical Center (SUMC) in the years 2004-2012. All infants < 1 year old that were hospitalized due to LRTIs were included. The main exposure assessment was based on a hybrid model incorporating daily satellite-based predictions at 1 km2 spatial resolution. Data from monitoring stations was used for imputation of main exposure and other pollutants. Levels of environmental exposures were assigned to subjects based on their residential addresses and averaged for each trimester. Analysis was conducted by a multivariable generalized estimating equation (GEE) Poisson regression. Data was analyzed separately for the two main ethnic groups in the region, Jewish and Arab-Bedouin. RESULTS: The study cohort included 57,331 deliveries that met the inclusion criteria. Overall, 1871 hospitalizations of infants < 1 year old due to pneumonia or bronchiolitis were documented. In a multivariable analysis, intrauterine exposure to high levels of PM2.5 (> 24 μg/m3) in the first and second trimesters was found to be adversely associated with LRTIs in the Arab-Bedouin population (1st trimester, RR = 1.31, CI 95% 1.08-1.60; 2nd trimester: RR = 1.34, CI 95% 1.09-1.66). CONCLUSION: Intrauterine exposure to high levels of PM2.5 is associated with a higher risk of hospitalizations due to lower respiratory tract infections in Arab-Bedouin infants.",https://pubmed.ncbi.nlm.nih.gov/32847589/,UNCERTAIN,HIGH,COHORT,4
LBL-099,28432994,10.1016/j.envres.2017.04.012,2017,Environmental research,Assessment of temporal variation for the risk of particulate matters on asthma hospitalization.,"Increased ambient concentration of particulate matters are considered as one of major causes for increased prevalence or exacerbation of asthma or asthma like symptoms. Recently, possible temporal variation in risks of PM on mortality has been suggested. We investigated short-term effect of both PM10 and PM2.5 on asthma hospitalization, and assessed temporal variation of PM risks in Seoul, Korea, 2003-2011. Generalized additive model was used to estimate PM risks on asthma hospitalization with consideration by long-term trend, influenza epidemic, day of week, meteorological factors. To assess temporal variation of PM risks, year-round PM risks were estimated. Stratified analysis by season and age-group were also conducted. Estimated RRs of PM on asthma hospitalization by an increase of 10㎍/㎥were 1.0084 (95% CI: 1.0041-1.0127) and 1.0156 (95% CI: 1.0055-1.0259) respectively with 7-days lag periods (lag06). PM2.5 had stronger effect than PM10 for all age group. Elderly group was most affected by PM. For the analysis of temporal variation of PM risks, we found increasing trend in total population and the elderly group. In the season-specific analysis, we also found increasing trend in winter for PM10, and in spring for PM2.5. PM10 and PM2.5 has adverse effect on asthma hospitalization with evidence suggesting temporal variation in PM risks. Further research will be needed to confirm the temporal variation of PM risk on asthma hospitalization, and to identify casual factors affecting this temporal variation. This study results could be evidentiary materials for establishing valid public health policies to reduce health burden or economic burden of asthma.",https://pubmed.ncbi.nlm.nih.gov/28432994/,INCLUDE,HIGH,"ESTUDO-MP2,5-TIME SERIES-ASMA-IC 95% RR-INGLÊS",0
LBL-100,27581332,10.1590/1516-3180.2015.0237250216,2016,Sao Paulo medical journal = Revista paulista de medicina,Air pollution and respiratory diseases: ecological time series.,"CONTEXT AND OBJECTIVE: Exposure to air pollutants is one of the factors responsible for hospitalizations due to respiratory diseases. The objective here was to estimate the effect of exposure to particulate matter (such as PM2.5) on hospitalizations due to certain respiratory diseases among residents in Volta Redonda (RJ). DESIGN AND SETTING: Ecological time series study using data from Volta Redonda (RJ). METHODS: Data on hospital admissions among residents of Volta Redonda (RJ), between January 1, 2012, and December 31, 2012, due to pneumonia, acute bronchitis, bronchiolitis and asthma, were analyzed. Daily data on PM2.5 concentrations were estimated through the CCATT-BRAMS model. The generalized additive Poisson regression model was used, taking the daily number of hospitalizations to be the dependent variable and the PM2.5 concentration to be the independent variable, with adjustment for temperature, relative humidity, seasonality and day of the week, and using lags of zero to seven days. Excess hospitalization and its cost were calculated in accordance with increases in PM2.5 concentration of 5 µg/m3. RESULTS: There were 752 hospitalizations in 2012; the average concentration of PM2.5 was 17.2 µg/m3; the effects of exposure were significant at lag 2 (RR = 1.017), lag 5 (RR = 1.022) and lag 7 (RR = 1,020). A decrease in PM2.5 concentration of 5 µg/m3 could reduce admissions by up to 76 cases, with a decrease in spending of R$ 84,000 a year. CONCLUSION: The findings from this study provide support for implementing public health policies in this municipality, which is an important steelmaking center. CONTEXTO E OBJETIVO:: A exposição aos poluentes do ar é um dos fatores responsáveis por internações por doenças respiratórias; o objetivo foi estimar o efeito da exposição a material particulado (como PM2,5) sobre as hospitalizações devido a certas doenças respiratórias em moradores de Volta Redonda (RJ). TIPO DE ESTUDO E LOCAL:: Estudo ecológico de séries temporais utilizando dados de Volta Redonda (RJ). MÉTODOS:: Foram analisados dados de internação hospitalar, entre 1 de janeiro de 2012 e 31 de dezembro de 2012, devida a pneumonia, bronquite aguda, bronquiolite e asma, em residentes em Volta Redonda (RJ), e dados diários das concentrações de PM2,5 obtidos a partir do modelo CCATT-BRAMS. Utilizou-se o modelo aditivo generalizado de regressão de Poisson, sendo o número diário de internações a variável dependente e a concentração PM2,5 a variável independente, ajustado para temperatura, umidade relativa, sazonalidade e dia da semana e defasagens entre zero e sete dias. Excesso de internação hospitalar e seu custo, de acordo com o aumento de 5 ug/m3 na concentração de PM2,5, foram calculados. RESULTADOS:: Ocorreram 752 internações em 2012; a concentração média de PM2,5 foi de 17,2 ug/m3; os efeitos da exposição foram significativos em lag 2 (RR = 1,017), lag 5 (RR = 1,022) e lag 7 (RR = 1,020). A redução em 5 ug/m3 na concentração de PM2,5 poderia reduzir até 76 casos as internações com diminuição nos gastos de R$ 84 mil/ano. CONCLUSÃO:: Os achados deste estudo fornecem subsídios para implantar políticas públicas de saúde neste município, que é importante polo siderúrgico.",https://pubmed.ncbi.nlm.nih.gov/27581332/,INCLUDE,MEDIUM,"ESTUDO-MP2,5-TIME SERIES-RESPIRATÓRIO-IC 95% NAO CITADO, MAS CITA RR-INGLÊS",0